1,Danielle Jeffers,86501490-6c7d-4289-8f34-89ebd20c0349,danielle_jeffers@gmail.com
2,Mary Ehsan,9593a59a-8214-44e0-8376-9b1fdfb4bafa,mary_ehsan@gmail.com
3,John Larry,658db67c-e92c-46e4-8d27-d908aa79b7d2,john_larry@gmail.com
4,Austin Higman,c319726f-7437-46ef-97c1-3099772277f2,austin_higman@gmail.com
5,Sarah Williams,580b80aa-4abf-47ae-9859-3e19333b657e,sarah_williams@gmail.com
6,David Bausch,036422d7-3341-4999-b7fa-0c22f9e185dd,david_bausch@gmail.com
7,Helen Eash,6a8cb94d-a3b5-4a48-9e7a-bb05be251ad7,helen_eash@gmail.com
8,Tim Hassell,892e8e4a-1fca-43fe-900c-589b6c864388,tim_hassell@gmail.com
9,Billy Heath,9893280a-d2b0-43c6-995e-c1ee05699144,billy_heath@gmail.com
10,Jackie Hoover,3e9bdaa9-2e39-4ca6-9bdd-9116eccb2511,jackie_hoover@gmail.com
11,Antoinette Smith,ea3ebc0c-10ab-46e8-bb77-38ba482cc341,antoinette_smith@gmail.com
12,Jerry Hutchinson,2b2603ff-1154-41f7-b66c-18226eabdb50,jerry_hutchinson@gmail.com
13,Charles Hurst,c611f9f4-9949-4d2c-aafe-7ab8f52e751b,charles_hurst@gmail.com
14,Stacy Paddock,ee1a5074-2436-46b0-8266-ae2d9db6430e,stacy_paddock@gmail.com
15,Samuel Lininger,b7b385cb-b689-477f-84fd-da7d3260cf3a,samuel_lininger@gmail.com
16,Donald Phillips,57a1d240-6cef-4cf5-89c9-ae4a9dad3b33,donald_phillips@gmail.com
17,Catherine Gallegos,941e7420-7750-416c-beb7-094d9c0636bf,catherine_gallegos@gmail.com
18,Brent Maglione,82c250f1-693a-4496-a283-f5ef5075226c,brent_maglione@gmail.com
19,Jose Colon,fadd0b89-6e3f-4552-84de-0725eca82632,jose_colon@gmail.com
20,Kathryne Owings,0713a504-0af4-4ee8-9154-bc372a7b84fe,kathryne_owings@gmail.com
21,Anthony Gonzales,c695bc79-9eca-4fd0-af9c-092b94bf2641,anthony_gonzales@gmail.com
22,Alice Meunier,6907e13c-bd6f-4a11-a55e-904a2421e892,alice_meunier@gmail.com
23,Monica Hughes,103436e9-484b-42e1-ac24-d3d88b8d4f96,monica_hughes@gmail.com
24,Edward Williams,13524be6-8240-46b9-b60a-670671bc2b47,edward_williams@gmail.com
25,Lisa Abrego,3fe48a35-8231-43fd-81c8-e723884ca6d8,lisa_abrego@gmail.com
26,Anastacia Gajeski,29d55add-3900-4e6e-aa8a-f80d42a206a7,anastacia_gajeski@gmail.com
27,William Baker,3c28f350-826f-425c-a4e7-811068bc19db,william_baker@gmail.com
28,Michael Eugene,45ed71cc-db7a-46a8-9da0-4abd31f55981,michael_eugene@gmail.com
29,Lorraine Gonzales,c03943a5-66e5-455f-ae29-77395347bc59,lorraine_gonzales@gmail.com
30,Susan Schmitz,328c935d-8ba4-4490-be77-b372e9a2543a,susan_schmitz@gmail.com
31,Aaron Brewer,ed01eff5-f1c8-40e9-ab1c-0441c54a2bc5,aaron_brewer@gmail.com
32,Edith Stacks,74015d9d-14cd-4c54-8b83-85300c8e202b,edith_stacks@gmail.com
33,Donna Murray,6f461756-a09d-4f0a-bfb7-3e4feb49c538,donna_murray@gmail.com
34,Nicholas Francois,de2e7306-9185-4369-b94b-83241a50c886,nicholas_francois@gmail.com
35,Jose Ortega,f406c273-3518-4d72-a953-3348a7cf2d0b,jose_ortega@gmail.com
36,John Graap,e4d6198f-8c33-4b3a-9a66-36e17516989a,john_graap@gmail.com
37,Jean Barbagallo,76997eba-d15b-4762-91de-62a0ae41f889,jean_barbagallo@gmail.com
38,Evelyn Mueller,246c464d-be1f-44a3-9a39-299fcd1cd84d,evelyn_mueller@gmail.com
39,Peggy Gregory,57f69af0-d80a-412a-967c-0c575263a143,peggy_gregory@gmail.com
40,Paul Layman,85b9cf9f-4de5-47cd-b961-c113d11415bf,paul_layman@gmail.com
41,David Rupp,922ed9d3-67a8-45ff-8ef6-ff121e7abd7a,david_rupp@gmail.com
42,Julia Lutz,59721ddc-c179-42db-a486-cbbfce40a027,julia_lutz@gmail.com
43,Rafael Martinez,2cc43846-d49f-4baf-9f1e-e2026f0124ab,rafael_martinez@gmail.com
44,Jason Moore,471b9b83-28b7-4854-a445-24ce136704d0,jason_moore@gmail.com
45,Mary Foreman,1d187a26-2138-459c-9bb9-d8eea15e0b5a,mary_foreman@gmail.com
46,Danny Tiger,02f6eaf0-1ecb-4b4d-8c71-5507695d89c2,danny_tiger@gmail.com
47,Ayanna Thompson,fb34230f-a7e0-48ba-8ca8-ded004388f2c,ayanna_thompson@gmail.com
48,Gloria Lawson,2fdc2a9b-d50c-490d-ae39-5cc85451edf6,gloria_lawson@gmail.com
49,Shirley Gilbert,ef6c4b87-5aed-471d-8c9a-ea0863f26a28,shirley_gilbert@gmail.com
50,Micheal Woodruff,bbc30254-5b3d-4716-a010-6dd623a3c937,micheal_woodruff@gmail.com
51,Phillip Cos,7234dcc7-c89d-462d-bf1b-a1c4a28f538d,phillip_cos@gmail.com
52,Norma Rush,1d75af60-9448-4ef6-8dd2-01f42360dd2a,norma_rush@gmail.com
53,Domingo Shelton,7310d683-dda9-4cab-b752-509217ef4167,domingo_shelton@gmail.com
54,Perry Fagan,d8089f98-c1ce-4214-89a6-5f7fe8fe4bfc,perry_fagan@gmail.com
55,Donald Fisher,c792ec74-4293-403c-8dff-50e88942d652,donald_fisher@gmail.com
56,Eduardo Fields,957142c5-af90-4d23-8d24-267d4ab97c76,eduardo_fields@gmail.com
57,Gregory Durant,3d78e103-bf63-4815-a899-3872f30f8d4b,gregory_durant@gmail.com
58,Anne Miesch,41cecb80-1aba-4597-9140-67b7673b8328,anne_miesch@gmail.com
59,Suzanne Jimenez,72a1ee37-68ae-49ca-b7ad-3fcd930cf464,suzanne_jimenez@gmail.com
60,Monique Evans,d97586cb-7870-437b-baa9-7dae6f0895b4,monique_evans@gmail.com
61,Gregory Wolff,cc6ca371-aadc-4393-b218-945e52740fff,gregory_wolff@gmail.com
62,Harold Thompson,9970c8fc-bc5c-4a39-b659-9d8877194452,harold_thompson@gmail.com
63,Linwood Clayton,a346a724-3f58-4b3c-be6a-69ec78257762,linwood_clayton@gmail.com
64,Jackie Rossin,e9b56337-e98e-4c9d-90b8-89a9992f5796,jackie_rossin@gmail.com
65,Stuart Deyoung,f8087f36-d529-411f-94a8-5945729ab6b0,stuart_deyoung@gmail.com
66,Everett Pool,d4c51f3a-87bf-4adc-88b7-087754c5026f,everett_pool@gmail.com
67,Horace Meyer,54cf32ec-37e6-4ae9-b0a2-7a2faea66ddb,horace_meyer@gmail.com
68,Jennifer James,6cc58df0-11a1-45a4-864e-d39a961a2051,jennifer_james@gmail.com
69,Patti Medeiros,3e42e8e6-663d-4fb3-81f7-0ffb01d5508e,patti_medeiros@gmail.com
70,Carol Lott,c8fe44ae-2593-4105-bf4e-26bc97fed140,carol_lott@gmail.com
71,Janice Hutton,4c842093-32d1-4a4b-b961-c4a92591f354,janice_hutton@gmail.com
72,William Murray,d6266f23-f758-4803-8e3e-5db3f982b42f,william_murray@gmail.com
73,Rita Patterson,96c4a135-8aa2-4f65-ba63-28c49a318858,rita_patterson@gmail.com
74,Ernest Johnson,4a976a9b-233a-4057-924e-ae1c7a963813,ernest_johnson@gmail.com
75,John Bryant,b0edaacb-3b99-4a6e-938b-98314d302988,john_bryant@gmail.com
76,Raymond Forte,9b8c5283-b9b7-46d7-b101-2893b6c16d56,raymond_forte@gmail.com
77,Alma Brackett,81bbeee7-0980-440e-97b0-3b99feebe580,alma_brackett@gmail.com
78,Gertrude Hamlin,73da34ff-fc77-452f-82a1-421c04b7e102,gertrude_hamlin@gmail.com
79,Margaret Delgado,b069a149-efa9-4c26-afda-9993b6bbe21c,margaret_delgado@gmail.com
80,Melita Baker,cf0f5057-c644-4f63-863d-82fcc0b463b4,melita_baker@gmail.com
81,Kenneth Serviss,5e34af76-e81d-4c69-858e-0ce8208cd996,kenneth_serviss@gmail.com
82,David Cline,bd1665b6-5a9f-4f1d-86fb-032517b0324a,david_cline@gmail.com
83,Jennifer Herman,0ec97ce1-a343-446b-9f73-20b112f36101,jennifer_herman@gmail.com
84,Owen Tucker,0047ef05-f452-4900-84b5-324e4635c084,owen_tucker@gmail.com
85,Dorene Merriman,441a065c-12c1-49a1-8ddc-b6581e8a7a87,dorene_merriman@gmail.com
86,Nicole Dennis,b32d57eb-193a-45c5-b730-5175a6c77007,nicole_dennis@gmail.com
87,Nathan Curley,83017f8d-941e-4633-a300-8b29a0220a80,nathan_curley@gmail.com
88,Paul Sanchez,c0595aab-ad2b-4811-be29-bdebc01cb845,paul_sanchez@gmail.com
89,Florence Boles,7f3707fd-1aa9-48d0-bc6c-e47bdcdd24af,florence_boles@gmail.com
90,Rosa Higgs,a9f89424-b1bc-4686-b2b1-44c73de63215,rosa_higgs@gmail.com
91,Robert Cofer,a3aa28bb-a637-4da1-b4e7-02395970ca9f,robert_cofer@gmail.com
92,Arlene Tucker,c361209d-b8cc-405e-a33f-e65685513330,arlene_tucker@gmail.com
93,Katharine Buchmann,da4478af-32cf-4c9b-99d8-bbacacce889b,katharine_buchmann@gmail.com
94,Janet Breen,62b6aee0-5b2a-4e4e-ae1d-ddea37438f40,janet_breen@gmail.com
95,Sara Morris,962e4870-ef61-402c-b886-72f81c4730ba,sara_morris@gmail.com
96,Margaret Serrano,a1590cce-6f20-44d1-a180-765158867b75,margaret_serrano@gmail.com
97,Joe Mooney,4e44e056-e733-4836-969a-f81853e3aee6,joe_mooney@gmail.com
98,Vanessa Plante,b48eac3a-2985-45f3-b5b4-758483e62cff,vanessa_plante@gmail.com
99,Emma Stoner,b212966a-22c8-488b-a357-71798707f99b,emma_stoner@gmail.com
100,Lois Crayton,650838ee-e0c6-4d20-93de-f625eba7106c,lois_crayton@gmail.com
101,Victor Brown,587fffb7-e7d7-4ed8-ac7c-bd3bcc639084,victor_brown@gmail.com
102,Patrick Orlikowski,7afb2aa9-69cb-4c20-919e-d879bf5cf151,patrick_orlikowski@gmail.com
103,Linda Coyle,7e2daced-06ec-4884-932a-c0eccb8e350a,linda_coyle@gmail.com
104,Gail Proffer,827464f7-8be5-4e1e-a3e9-d71d7e2e9d7d,gail_proffer@gmail.com
105,Tanner Gagnon,5901fe87-a48c-4926-9c81-844cca59ab79,tanner_gagnon@gmail.com
106,Stefanie Blake,19439cc9-6a8b-438f-920b-8424ffd0dcf3,stefanie_blake@gmail.com
107,Edward Thomas,fb088b3e-d9b3-4748-9159-e4b27b63077e,edward_thomas@gmail.com
108,Edward Wright,c9a0813d-7ecb-406f-8a32-4fd1ca2a5657,edward_wright@gmail.com
109,Adrienne Olinger,875095d1-3406-4e88-a32d-0055ceb52dd5,adrienne_olinger@gmail.com
110,Vivian Sullivan,65ad10d0-7ff4-4762-b4af-9b49811306e2,vivian_sullivan@gmail.com
111,Marianne Mccullough,4581dc95-9937-4b65-852c-057fff801b38,marianne_mccullough@gmail.com
112,Jeremy Sinclair,a9746e45-6da2-4056-a378-3f96f919a240,jeremy_sinclair@gmail.com
113,Margaret Schulz,69c8b14c-9ee5-4d2d-8101-1c89abe5a043,margaret_schulz@gmail.com
114,Ronald Allen,c5d61316-9129-474d-ab65-9327a050b6ae,ronald_allen@gmail.com
115,Elizabeth Glandon,4b06ce90-68cb-4f27-abda-42a9ad61507b,elizabeth_glandon@gmail.com
116,Wm Merino,0e30445d-8dc7-4449-9169-9e4e46ec88a9,wm_merino@gmail.com
117,James Woods,dbcda655-257b-4f7e-800b-8eaf931b5d4d,james_woods@gmail.com
118,Mary Hodge,78ee4bc1-e9ed-484b-88f9-20e8365f9824,mary_hodge@gmail.com
119,Martin Robinson,684666a3-4b89-47af-9ddc-bdfd1ab23596,martin_robinson@gmail.com
120,Richard Reyes,81be7f07-c90d-4b65-bce3-9102d83a6d67,richard_reyes@gmail.com
121,Anna Thomas,a70659ff-7063-4c49-af2e-5d736b921590,anna_thomas@gmail.com
122,Rhonda Cuellar,2b90e6e8-e25e-4a38-a159-4622c5a22890,rhonda_cuellar@gmail.com
123,Tessie Luciano,1dd8046e-7bfa-48d9-8141-74e8fb7e0e7c,tessie_luciano@gmail.com
124,Dorothy Hipp,04facd14-aa19-4270-a3d6-7dff1b4361f2,dorothy_hipp@gmail.com
125,Rosa Burton,b37989fd-029f-4d99-b7bc-0fcda6d4e730,rosa_burton@gmail.com
126,Larry Jackson,3a05fd98-3d01-409d-8f7a-af973b9c22ac,larry_jackson@gmail.com
127,Michael Anspach,bb28fd86-cfb2-4dde-a12e-7a21a924d714,michael_anspach@gmail.com
128,Bennie Chadderton,b09770ba-86c3-424c-81c2-9aea98e1bec1,bennie_chadderton@gmail.com
129,Mark Peery,d866a8e9-9924-4fce-893b-3f50f684079e,mark_peery@gmail.com
130,Emily Diaz,c4bb662d-5793-497c-b576-871e703d2e3c,emily_diaz@gmail.com
131,Beatrice Leroy,ac1e5873-e50d-4f6d-8e87-13b598ba21e1,beatrice_leroy@gmail.com
132,Douglas Wince,a2b7bc94-4cd3-4179-adfc-20fcae3357f8,douglas_wince@gmail.com
133,Ruth Silcox,4a2f6504-8b5f-4f89-ada9-acb2bf128e19,ruth_silcox@gmail.com
134,Katherine Saunders,5a7e0956-0a9a-4882-828c-b41bf1c1cfcb,katherine_saunders@gmail.com
135,Jeffrey Macomber,6c63d33c-ab86-4b9d-8ee7-265a67dccda4,jeffrey_macomber@gmail.com
136,David Scott,5c5755d0-22f1-4fb4-8c9f-3d95bdb00dc4,david_scott@gmail.com
137,Albertha Traylor,f0a9f6c0-5e10-418b-9836-44a40d832352,albertha_traylor@gmail.com
138,Betty Mccleery,ce288de1-36db-4cc2-a92e-be9b07aef4ed,betty_mccleery@gmail.com
139,Ryan Tillis,95c456fa-f5b9-40a1-a425-cac7a58947cf,ryan_tillis@gmail.com
140,Mark Myles,a808b489-e812-48d1-ad52-347ff9533d81,mark_myles@gmail.com
141,Heidi Shapiro,940cd330-4d72-4f11-9545-d1d3f67504dd,heidi_shapiro@gmail.com
142,Gary Kuebler,4ea9ae75-0524-43ac-97cf-5a407c6b42ce,gary_kuebler@gmail.com
143,Rosemary Caul,f33122ac-8567-4c39-8d66-e2c4ef073460,rosemary_caul@gmail.com
144,Frederick Perkins,4f1d0fa5-73f1-488e-b6ad-d384ab2a36d0,frederick_perkins@gmail.com
145,Carol Hoppes,7f2db28e-b734-401d-96b2-16838a759717,carol_hoppes@gmail.com
146,Robert Cloud,7bfab660-d204-4209-a7df-c85f43683ce0,robert_cloud@gmail.com
147,Raymond Combs,81f53321-fa2e-4701-9a68-4e5bf05d3d32,raymond_combs@gmail.com
148,Robert Bradshaw,a57848fa-cf5e-4819-b57c-3f9cf242c06d,robert_bradshaw@gmail.com
149,Adam Budds,731cb1f1-cc84-4916-93f6-c3bca1948d73,adam_budds@gmail.com
150,Sheryl Fox,1267a660-d731-4e75-9e44-f37adf0912db,sheryl_fox@gmail.com
151,Jewel Delosh,c525429b-b9f5-41a6-bd0b-3b1d9e0d9028,jewel_delosh@gmail.com
152,Marilyn Gott,3a69dd09-af8b-42a0-a23b-dc1e165492b7,marilyn_gott@gmail.com
153,Nellie Tillis,2f06eace-454b-4621-a0be-2d1467b0ddc7,nellie_tillis@gmail.com
154,Victor Dixon,01766c88-a4b1-4a70-8f1c-894ad83b2589,victor_dixon@gmail.com
155,Susan Kelly,fa1c3e0f-39fe-4ce2-a206-279a967d7fe0,susan_kelly@gmail.com
156,Sylvia Edwards,2c871f75-a62a-420d-8e3b-9fdce5fa15b1,sylvia_edwards@gmail.com
157,Jennifer Lohman,3e1304e1-130c-4fed-adbc-b370d8c483ce,jennifer_lohman@gmail.com
158,Mike Cavazos,0fec7c8b-1250-4d30-a7f1-9614db09ee91,mike_cavazos@gmail.com
159,Pamela Parker,2d13a847-135b-4ef7-8544-504e3dc124f5,pamela_parker@gmail.com
160,Tracey Miller,c1e3805f-13e2-4594-b509-455375a0ce86,tracey_miller@gmail.com
161,Sharon Miller,fb488f57-89c8-4d1e-8125-0de46652ccdd,sharon_miller@gmail.com
162,Judith Whalen,6bb7cab4-57a2-4559-946a-786e3da93615,judith_whalen@gmail.com
163,Duane Edmondson,8585d493-7ecf-4f12-a8fc-5eb8251d1949,duane_edmondson@gmail.com
164,Denise Estrada,cdca7aa2-8efc-4bb4-a611-eb211c3d0bd2,denise_estrada@gmail.com
165,Kevin Robinson,9976b38d-c7fb-4cb4-98a2-71f7711c32c8,kevin_robinson@gmail.com
166,Theresa Cox,13987f82-0094-4541-9b74-2f2e55812e21,theresa_cox@gmail.com
167,Myrtle Nagle,7c7552df-6c31-4a48-ab9e-579a9d8f63ba,myrtle_nagle@gmail.com
168,Dennis Doherty,b242e6b5-168b-4a4a-9d1a-ac534f7a9c5c,dennis_doherty@gmail.com
169,Walter Hudson,c34493a4-374e-4024-9dde-029ced4e5e1b,walter_hudson@gmail.com
170,Jason Thomas,8e1886c0-c540-4a21-a940-ecab72acc1e1,jason_thomas@gmail.com
171,Marilyn Hughes,e4241804-cc83-48ca-bf51-042d1d551087,marilyn_hughes@gmail.com
172,Trinity Williams,f9143245-30ac-4114-b19f-7247b1c38006,trinity_williams@gmail.com
173,Helen Preston,0a2602b4-dc1f-41e3-90d5-4f7bd387fd77,helen_preston@gmail.com
174,Gary Medez,5ca66d6b-11fb-4abd-86db-a0911a15244a,gary_medez@gmail.com
175,Leon Brogdon,a01b44d6-7699-41fe-a01e-5737f0aedf85,leon_brogdon@gmail.com
176,Yvonne Roundy,96f5f79c-f231-4eaa-b692-be2f6dcafa7a,yvonne_roundy@gmail.com
177,Bessie Pierce,cfdac150-adaf-4085-8e42-007c07df8c25,bessie_pierce@gmail.com
178,Ronald Bartlett,22a38926-4da2-473c-bdf3-2567f08f87cd,ronald_bartlett@gmail.com
179,Erica Hansen,54e77a78-2ab3-4e2d-b64d-724cb093a93b,erica_hansen@gmail.com
180,Sonia Johnson,3a66ad76-2ae9-49c6-9055-49d30827d208,sonia_johnson@gmail.com
181,Janet Saunder,0999557d-a745-4aee-88ba-0a41388da246,janet_saunder@gmail.com
182,Derek Fair,ff66b0f1-cc43-4b02-a4fc-ac64269930b0,derek_fair@gmail.com
183,Kyle Woods,b0c86542-2a21-4d22-a740-d6722c646407,kyle_woods@gmail.com
184,Bonnie Smith,4db97564-291a-4149-a769-ba339136a20c,bonnie_smith@gmail.com
185,Lorrie Shine,cf5a6fda-6466-42a0-b56f-b5b9538556c5,lorrie_shine@gmail.com
186,Terry Simpson,1470f052-1ca5-4409-9a25-ae142c421ac9,terry_simpson@gmail.com
187,Donald Macdonald,d7daf77f-4291-44ef-b64a-c84d1c0c4be1,donald_macdonald@gmail.com
188,Leslie Holton,89fd0b48-79d1-437b-958a-0a60c941b04f,leslie_holton@gmail.com
189,Daniel Johnson,03470028-ee65-4e80-b83f-2a7d45041b45,daniel_johnson@gmail.com
190,Linda Frappier,a5a08633-ec5a-42d3-bf26-4ad8fc0ca53d,linda_frappier@gmail.com
191,Kathleen Carlson,6a5c4eed-88a3-488f-ba34-c239096052d0,kathleen_carlson@gmail.com
192,Susan Vandenberg,1ba4f107-d2c5-4dc0-84f1-74281cbf68d1,susan_vandenberg@gmail.com
193,Carroll Mitchel,bfde1079-cef6-4d97-be46-db366e7ad67d,carroll_mitchel@gmail.com
194,Tammy Enfinger,8d806906-e8ee-4338-a938-550a54d6a5f5,tammy_enfinger@gmail.com
195,Raquel Marriot,f1c0e104-ebb3-48f1-a1b0-a7b104cc0051,raquel_marriot@gmail.com
196,Michelle Davis,0da96b23-1b88-4218-bfb0-5e40082e4d22,michelle_davis@gmail.com
197,David Bottom,2a914d5d-0444-4b69-8dc7-1bd5d6074448,david_bottom@gmail.com
198,Michael Hart,92293b58-9618-4f18-8279-0dee99eb3001,michael_hart@gmail.com
199,Joseph Bower,50dc9e43-8e9b-4905-a5b5-2a12a970fac9,joseph_bower@gmail.com
200,Patrick Himenez,5b637dec-2c52-4164-a0dc-770103433624,patrick_himenez@gmail.com
201,Yolanda Rios,606ff6f5-5b66-4509-8756-0a0b60a204ae,yolanda_rios@gmail.com
202,Adam Mack,185358cf-c3b7-443e-b45f-db8412dbdb1f,adam_mack@gmail.com
203,Tracy Smith,eeda64fd-4560-4f71-89d1-0df882c662b8,tracy_smith@gmail.com
204,Tommy James,75841cdd-289c-464b-adba-789b2cc94086,tommy_james@gmail.com
205,Sherry Orr,b8f53394-cda0-48bf-b13d-4a15c148b8b1,sherry_orr@gmail.com
206,Betty Warney,2adcd467-f56a-49f0-b12d-dc91af7c34ab,betty_warney@gmail.com
207,Allen Mchugh,727861a8-d054-4fff-86ee-826bbce6ca03,allen_mchugh@gmail.com
208,Martin Arredondo,de418ace-8164-4334-ab63-b134f8c55f6d,martin_arredondo@gmail.com
209,Chantel Price,3a191b3f-0a83-47e1-b819-c788fd208086,chantel_price@gmail.com
210,Madonna Giordano,b5074c43-1527-437e-912f-6b8361418dcf,madonna_giordano@gmail.com
211,Cecelia Flint,747dd029-0a5a-49d9-a73b-8fde29e29fb4,cecelia_flint@gmail.com
212,Nell Solis,a97d69aa-dc5f-42ff-96c6-6b8292ca0a08,nell_solis@gmail.com
213,Michael Bartlett,f4e03390-6e72-4315-8c4a-4c3bc1552d55,michael_bartlett@gmail.com
214,Shannon Bright,36d59a82-712e-4535-89fa-cf73c29ad90b,shannon_bright@gmail.com
215,Tiffany Stultz,722fcab5-68b2-46be-b492-b325e397ded8,tiffany_stultz@gmail.com
216,Lisa West,bf3c27ad-5ede-420b-b61b-756e45ca1084,lisa_west@gmail.com
217,Jennie Williams,085e52e9-896b-4413-a8d5-3b91de2f11f9,jennie_williams@gmail.com
218,Rosana Batarse,47ca82b9-8de5-4241-b705-ddc29c918f3a,rosana_batarse@gmail.com
219,Nancy Scott,88fefaed-3ea7-4452-bc9e-248c36387d30,nancy_scott@gmail.com
220,Andrew Wahlman,0a34f725-fd0e-4a05-828a-d7f8e0b1a908,andrew_wahlman@gmail.com
221,Anita Henriksen,308d4497-8937-4f2e-ba41-ddca59b2f9aa,anita_henriksen@gmail.com
222,Nelson Mckenize,2bddf14a-f22b-4569-9b44-aafc9c76648d,nelson_mckenize@gmail.com
223,Laura Mangual,15e6e662-6d57-4047-bd64-733ba605beb8,laura_mangual@gmail.com
224,Stephen Rathbone,3630a608-1dde-49b4-aa24-d209a93b5ae9,stephen_rathbone@gmail.com
225,Catherine Williams,eb492930-271c-4efe-aba8-6b6ea9524680,catherine_williams@gmail.com
226,Chun Decoteau,b3d5e95c-173c-43e1-8d64-8b447417b998,chun_decoteau@gmail.com
227,Joseph Harmon,649e2a32-91eb-4d72-8c3c-5bc32d59616c,joseph_harmon@gmail.com
228,Emily Stevenson,27611906-7e05-42a3-a725-f6814ce7384f,emily_stevenson@gmail.com
229,Vanessa Abron,a35e0ee7-ca2b-4ecc-8f95-e5e1266dd5e1,vanessa_abron@gmail.com
230,Mike Watters,de51b806-cc46-4fdc-9eed-294f938f9eea,mike_watters@gmail.com
231,Vernon Caron,f1dc21e5-66fa-4dc8-a8e4-0539530f4e4a,vernon_caron@gmail.com
232,Robert Buck,86732748-641f-49c9-a1f1-968a37a64aa5,robert_buck@gmail.com
233,Jeanine Kato,f71d03d2-5b72-4e90-8355-b2efe00cc3e6,jeanine_kato@gmail.com
234,Dustin Magera,4d383038-520e-4b38-a43f-e3680617ec9d,dustin_magera@gmail.com
235,Benton Gundersen,7833ed17-223c-440e-bccf-8e87cbd09875,benton_gundersen@gmail.com
236,Patricia Thomson,f0618a96-2b86-428f-94fd-939b3b0b1807,patricia_thomson@gmail.com
237,Ryan Jagers,55d65a44-1aed-48bf-a68d-f201ac3b2d2e,ryan_jagers@gmail.com
238,Shawn Edmondson,55bd92b6-ee13-4ad0-babe-425917a7f207,shawn_edmondson@gmail.com
239,Michael Enger,bdfc2c25-4330-4d6a-92cb-e17f4ded4010,michael_enger@gmail.com
240,Mayra Barile,5ea49d36-eadf-405e-9d92-084e443d07ef,mayra_barile@gmail.com
241,Lawrence Rowland,12640786-cbd7-484f-a289-42598f4f7a86,lawrence_rowland@gmail.com
242,Stella Bromley,bdf2e64d-366f-4afc-9447-e4136e4b51e6,stella_bromley@gmail.com
243,Jon Demers,f1c658eb-25d1-44ab-9092-281bfd66e22d,jon_demers@gmail.com
244,Ila Hanson,5d0c9b4b-5f0c-40c4-8af1-c98470b45b03,ila_hanson@gmail.com
245,Robert Barber,ce372a8b-3350-45e2-a5cc-b7ebb4b363b6,robert_barber@gmail.com
246,Russell Raynes,0bd3041f-8a16-4903-a09b-bb26b2a3159a,russell_raynes@gmail.com
247,Norman Horn,cfdba2a4-9390-4f99-94b3-781fff850e82,norman_horn@gmail.com
248,Virginia Pilling,0f55cbab-4ad0-41d8-8fd9-597ff128243f,virginia_pilling@gmail.com
249,Joe Mcgregor,0d3fd544-905a-4e5c-b418-58239a53cd45,joe_mcgregor@gmail.com
250,James Gaitan,96825249-e925-4931-a4cb-1eea78243e86,james_gaitan@gmail.com
251,Wanda Pefferkorn,4dc7976f-085c-4751-8f92-f5d5ce547797,wanda_pefferkorn@gmail.com
252,Kent Larsen,729d919d-c6fe-4b11-8b45-57bad8cd7276,kent_larsen@gmail.com
253,Lucy Zamora,b31c51c4-28a0-47fb-adb8-311c9daa4b0d,lucy_zamora@gmail.com
254,Kenneth Adams,35394e99-b290-434b-8030-8bd5426f6edd,kenneth_adams@gmail.com
255,Frank Clark,29bda766-fef8-41c8-9096-3fa74694c1b9,frank_clark@gmail.com
256,William Balson,504bab79-4abf-4537-bcde-c80111c8621d,william_balson@gmail.com
257,Kevin Sill,3e43ab30-9682-4965-adde-30ce7a5fe9c8,kevin_sill@gmail.com
258,Jean Smith,01f779d6-98f3-4bc4-84c0-2d7ade029861,jean_smith@gmail.com
259,Marlene Ditmars,ad1d620f-012c-45a1-92fe-dc21213b6252,marlene_ditmars@gmail.com
260,Domenica Tartt,12e601c1-3ab6-437c-9daa-dbc84a414816,domenica_tartt@gmail.com
261,Luis Dupuis,da7190a9-1b32-4409-8a5b-f8b11bac8643,luis_dupuis@gmail.com
262,Bruce Bailey,3d20ac5e-91c9-48cd-a7fd-2e580cfb540c,bruce_bailey@gmail.com
263,Dana Flaten,1e986bb9-3a6f-47ac-98a6-ae9b72b286c7,dana_flaten@gmail.com
264,Laurence Spinks,bb6b56be-aade-42b3-8f11-b2744665b849,laurence_spinks@gmail.com
265,Robert Broussard,447e36e5-3d30-4338-9185-2b603885daa2,robert_broussard@gmail.com
266,Stephen Fitzpatrick,8be7dfbf-7a2f-4c2c-ac94-5054112b013b,stephen_fitzpatrick@gmail.com
267,Thomas Brinkman,f6d00b1d-4ba1-4b1e-8c1c-3e8f975329b9,thomas_brinkman@gmail.com
268,Victor Robinson,468fa33e-0d36-453c-bd5b-a8cb617eae15,victor_robinson@gmail.com
269,Deborah Miller,a1a50629-99fb-4065-8d9c-4e8b3bf58c35,deborah_miller@gmail.com
270,Vickie North,82e58f12-96ba-4937-9dfc-1e96a943d9a0,vickie_north@gmail.com
271,Michael Herrera,e5cfa09c-b030-42df-b2e4-63f29b6f873b,michael_herrera@gmail.com
272,Ann Bushnell,a4e6b68b-ae60-4d7a-824f-934fb70c0a88,ann_bushnell@gmail.com
273,Janna Powell,eac00932-3cf6-4d41-85ce-07b5cfb87c54,janna_powell@gmail.com
274,David Caroll,f33b58a9-3d19-46ab-b50f-7091273e8bd2,david_caroll@gmail.com
275,Minnie Warner,9c2c006f-3900-41b3-9904-7c54b5405d68,minnie_warner@gmail.com
276,Clarissa Garner,50b534b0-0268-4652-bb7e-86bb1b96aa6f,clarissa_garner@gmail.com
277,Erminia Simmons,5e1bb4b7-67a4-46cb-a6a8-480cb76eb245,erminia_simmons@gmail.com
278,Stanley Fredette,e92ec091-816e-4744-8463-5651c208a8e4,stanley_fredette@gmail.com
279,Mark Long,23cf4df3-78c4-4305-b990-ec6a30588ca8,mark_long@gmail.com
280,Jeremy Simmons,d9c91e66-1710-441b-ae6b-11bff90e1433,jeremy_simmons@gmail.com
281,Andrew Brown,6e55ada4-c808-495d-9294-4660303f0b95,andrew_brown@gmail.com
282,Betty Roberson,ec6df343-c7a6-41eb-ab81-0c4408c5d6a1,betty_roberson@gmail.com
283,Lewis Tart,8d019bdb-0ba0-42ed-ab32-d9b054bfd85f,lewis_tart@gmail.com
284,Gertrude Jacobs,48eecae5-6b6d-416e-87f3-e8886df204cc,gertrude_jacobs@gmail.com
285,Diane Mitchell,cce174a3-07d3-439f-a474-f57be8ce6621,diane_mitchell@gmail.com
286,Monroe Cobine,882ca1aa-d37a-4995-a51f-e7d5043aa5d0,monroe_cobine@gmail.com
287,Ilda Arguello,eea694f6-c099-4921-aa95-2842d7f4340c,ilda_arguello@gmail.com
288,Dominga Dwyer,7caa162b-8e74-4db3-91b1-b176370488d8,dominga_dwyer@gmail.com
289,Michelle Mason,94b1f8cd-67d2-48b1-95b3-6dc01b6daad0,michelle_mason@gmail.com
290,James Quick,7f56259d-c69a-4160-9ad5-29aef61f1d56,james_quick@gmail.com
291,Claris Detweiler,383897a0-395e-4d90-9315-641192a8260a,claris_detweiler@gmail.com
292,Robert Riley,16539f75-9ee5-45ac-a84f-7b3f6bb006f8,robert_riley@gmail.com
293,Patricia Eubanks,3bd21ee4-59cf-4fa2-9a76-6917b09281c9,patricia_eubanks@gmail.com
294,Shawn Thomas,9c54c2bc-307a-4b29-82ea-2b0e53abc6b2,shawn_thomas@gmail.com
295,Kathleen Chavez,63c17121-2552-4b64-8a24-a70d9af8d4c3,kathleen_chavez@gmail.com
296,James Fryberger,c11848c2-07e0-4b30-b2bb-e336f51bf8e0,james_fryberger@gmail.com
297,Dorothy Parent,ce16462b-83c1-44b6-a8dc-6fec023d0156,dorothy_parent@gmail.com
298,Joan Herrera,b753e8a5-2de7-4c1d-a2d2-376514f5bc0a,joan_herrera@gmail.com
299,Daryl Pamplin,da189f17-e4d7-43f4-ad93-45a8fa7bb2ec,daryl_pamplin@gmail.com
300,Ryan Bryant,28114121-bcb9-4835-8777-c788340774e8,ryan_bryant@gmail.com
301,Georgia Barnum,e48e634b-4792-48f2-96b8-85600cf71ebb,georgia_barnum@gmail.com
302,Barbara Carrington,b0f1b2f7-6e3a-4ad5-b664-8ab187b38c9f,barbara_carrington@gmail.com
303,Randy Marquez,77f3522d-ad9c-47ca-83c9-73d93e841d0b,randy_marquez@gmail.com
304,James Manning,b14ce6fe-1be5-4199-b7c1-baa284f8323c,james_manning@gmail.com
305,Linda West,5d276284-c03f-4c3b-96be-a0d6851a274c,linda_west@gmail.com
306,Tammy Shrum,857e21a0-1205-4354-a28f-7ef6416d1e42,tammy_shrum@gmail.com
307,Matthew Sinko,d53dae75-c3b5-4b50-809f-fcada7c6e49d,matthew_sinko@gmail.com
308,Roy Oelze,d267af7a-0f8d-43a7-9c18-b1e3b1b14352,roy_oelze@gmail.com
309,Robert Whitehead,d166ca1c-04ee-4468-913f-e848f897c7d1,robert_whitehead@gmail.com
310,Barbara Davis,19541549-206d-4117-a458-ea303ce88572,barbara_davis@gmail.com
311,Jerry Tuten,eb29f012-23a4-4318-bd7e-0bce1416b604,jerry_tuten@gmail.com
312,Raymond James,e3eadf5b-57b0-4129-ab30-2f446dc24ae6,raymond_james@gmail.com
313,Mona Richarson,780e6d94-3702-4b4c-86f6-30360cd0d80d,mona_richarson@gmail.com
314,Tyler Lundsten,1517999d-d715-4691-a5f7-b3a70a43d344,tyler_lundsten@gmail.com
315,Patricia Wise,44acf5a3-5f1b-4e1c-8f21-e8fb3b8cdd64,patricia_wise@gmail.com
316,Charles Christian,c834d094-7c85-47ac-9dc1-85d84d7ef359,charles_christian@gmail.com
317,Calvin Crissman,d198cddf-8ae1-432d-858f-9836af5f7083,calvin_crissman@gmail.com
318,Gina Counts,dd9b6522-43cc-492b-aaac-c65f7998670d,gina_counts@gmail.com
319,Nicole Lopez,d986a720-71f4-49e9-a3c6-8f0be9f14a96,nicole_lopez@gmail.com
320,Homer Keeler,918ac748-4674-4d3d-ae56-2e984322fea3,homer_keeler@gmail.com
321,Gabriel Clark,ef4e0c19-36f5-4359-b434-b9d82cec2325,gabriel_clark@gmail.com
322,Salina Mcdowell,b4af8e32-391b-4341-8e76-995085af3d37,salina_mcdowell@gmail.com
323,Javier Hendrick,635786c0-9750-4803-b922-646e347c3e2e,javier_hendrick@gmail.com
324,Charmaine Keala,c19d5106-31c5-46bc-b52f-254bc3f8da53,charmaine_keala@gmail.com
325,Robert Walter,1609142c-1ec6-4637-99e2-2208741bfdef,robert_walter@gmail.com
326,Florence Rivera,988272d0-81a0-4861-9e6c-0f6eafa1c30e,florence_rivera@gmail.com
327,Mary Ayotte,b29b318b-fb4e-41d1-ad08-d56a659cbcad,mary_ayotte@gmail.com
328,Joseph Jones,e83eb49e-ac11-40f3-a8dc-5f04e32d5682,joseph_jones@gmail.com
329,Henry Grafton,1b2fa298-960a-481f-b8a7-9b5ddef853cc,henry_grafton@gmail.com
330,Jack Leno,61cd7527-540b-427a-b149-14242ec3425a,jack_leno@gmail.com
331,Richard Lara,3aba3b6b-39a6-4452-90bb-a003cfd33f51,richard_lara@gmail.com
332,Walter Moreno,14c83b37-6cad-4bda-b123-ccf36f54596b,walter_moreno@gmail.com
333,John Mancini,e17a6a57-788a-4bab-88b3-476281c62a3c,john_mancini@gmail.com
334,Gladis Boston,7097620d-2853-4fbe-a205-83f448202b0a,gladis_boston@gmail.com
335,Eddie Chase,5e3da4d9-b882-43f2-b850-341b5377b2fb,eddie_chase@gmail.com
336,Robert Boyer,153e1cd7-9c16-4f8f-89e0-12c70fce195a,robert_boyer@gmail.com
337,Dudley Stebner,7ae84394-947c-4eab-879c-604a0875ff1d,dudley_stebner@gmail.com
338,Dwight Waller,877525b5-0cff-49ca-a69c-61d95b3d37bf,dwight_waller@gmail.com
339,Jennie Hoagland,1110f3da-b741-4fb6-b4ea-d291d3f2c737,jennie_hoagland@gmail.com
340,Roslyn Pruchnik,a1a88e0e-22ee-4f99-b75b-f8c2002fdc0c,roslyn_pruchnik@gmail.com
341,Willie Williams,d9e7b2f5-079f-4fe7-b200-472bd61d1adc,willie_williams@gmail.com
342,Joseph Vaquera,d3db0c11-6211-4998-95bc-8e0629547867,joseph_vaquera@gmail.com
343,Sharon Troxell,e3be6027-3901-4da4-ad75-a67cbadf6325,sharon_troxell@gmail.com
344,Michael Lee,054a09d2-6214-45f2-b7b9-179be4453176,michael_lee@gmail.com
345,Kimberly Davis,b253d788-a139-4d6b-b8f2-efcddff3ba3e,kimberly_davis@gmail.com
346,Judith Cox,34bd530b-dd4f-4610-8767-c6edacdfb9b4,judith_cox@gmail.com
347,Catherine Paez,fa946dee-7900-4f1c-9dd8-264430accbf1,catherine_paez@gmail.com
348,Pauline Nelson,cde85aaa-0768-4035-9b5d-0f6a905efb21,pauline_nelson@gmail.com
349,Debbie West,3964e275-ccfd-43c1-8009-287648ac4652,debbie_west@gmail.com
350,Timothy Mayle,67bccb79-74fb-4818-9b85-f25476acd0b9,timothy_mayle@gmail.com
351,Timothy Martinez,16fb1420-8a94-4dcd-a507-2c95a6603d96,timothy_martinez@gmail.com
352,Mariano Brown,1b3ebaba-2262-4807-86fe-eed813cd31a3,mariano_brown@gmail.com
353,Anna Buffum,1b7b3b05-1dc9-421c-8a7b-49c6ecf28d63,anna_buffum@gmail.com
354,Daniel Fenster,984daaf5-9af5-406e-9b37-7d4a5d91892c,daniel_fenster@gmail.com
355,Howard Wills,57867d85-63fb-4440-8365-c918d8f3c8d4,howard_wills@gmail.com
356,Peter Wright,5ec61ab0-0554-4cca-bd8c-56582fa36b6a,peter_wright@gmail.com
357,Karen Gomez,e010bad2-beb5-4700-9615-bd5fa8a738fa,karen_gomez@gmail.com
358,Travis Smith,50f241a1-d91b-4019-8a43-92818a8c5a36,travis_smith@gmail.com
359,Sherry Gardner,e218bea4-3451-4721-942a-d298dc9344b6,sherry_gardner@gmail.com
360,Joseph Boulanger,bbd817b7-4d74-4cab-b3d9-5d7c8200fcb2,joseph_boulanger@gmail.com
361,Robin Akin,660166ac-94d4-4b1b-8078-98aa899bd168,robin_akin@gmail.com
362,Dolores Schmidt,fa47fa80-3a27-4690-bf12-c116e586922b,dolores_schmidt@gmail.com
363,Robert Riekena,81f96c69-8b39-412b-8734-fb40eacc6d23,robert_riekena@gmail.com
364,Juan Mackey,359d159a-8b45-40da-9ed8-a30d24526963,juan_mackey@gmail.com
365,Hattie Wall,3df672f2-489a-47e4-a3f4-2d975847f4b1,hattie_wall@gmail.com
366,Frieda Wilson,28bed6df-6376-4df4-b6c5-05aabe8cf676,frieda_wilson@gmail.com
367,Sherry Booth,6c24c3cc-30c1-4f06-803e-d94d4ffe29f6,sherry_booth@gmail.com
368,William Rivera,9523b0a3-7123-463e-b297-9b96f6a8fd8a,william_rivera@gmail.com
369,Tommye Gordon,093b8fe2-33bb-4996-9f5e-6075240ca2e0,tommye_gordon@gmail.com
370,Justin Hokula,3332a7aa-db53-4c78-bbd8-75bb33f4d7fa,justin_hokula@gmail.com
371,Vincent Bergman,06765448-0106-4b13-9d30-a87a0b0a0ce0,vincent_bergman@gmail.com
372,Jeanne Vaillancourt,2b9221c9-9c47-4ff3-ba7e-10ca21119849,jeanne_vaillancourt@gmail.com
373,Dan Anderson,fc6c05cb-496a-42ea-a2cc-5afe0a4665de,dan_anderson@gmail.com
374,Connie Hicks,948a8342-fbcd-4ecf-a2b6-520856d361cc,connie_hicks@gmail.com
375,Edna Reinhart,af3cf58c-ac30-4f35-98d2-2c916be25991,edna_reinhart@gmail.com
376,Everette Golden,a5704d33-4bf7-452a-8c6d-3d255ea19b79,everette_golden@gmail.com
377,Donald Dickerson,33d827d9-a0c0-4059-bbc9-57df8dbd58e4,donald_dickerson@gmail.com
378,Soledad Powell,146f168c-50c7-49b9-9d83-b0de8f925c1e,soledad_powell@gmail.com
379,Kimberly Yundt,b066d197-72b5-4352-a32c-e0824c97ad23,kimberly_yundt@gmail.com
380,Rick Holt,e7a15936-0e62-46ea-82cf-7d028ffff5ec,rick_holt@gmail.com
381,Jessica Donato,2aada580-b852-4094-8c7d-7fcb7db857ea,jessica_donato@gmail.com
382,Ronald Whisler,8e79f350-0f92-4ff6-9cdb-717161875b34,ronald_whisler@gmail.com
383,Ryan Garcia,adccdbf5-cb7d-4bf7-8c79-245fd25dd7e1,ryan_garcia@gmail.com
384,Kenneth Hargett,c387bb7c-086f-4df1-9a66-7b2d687fb586,kenneth_hargett@gmail.com
385,Janet Anderson,7bb455ae-5b90-45fa-9a0d-647750ea73f7,janet_anderson@gmail.com
386,Charles Buchanan,e2d66907-8c97-46b7-bfbd-45a7bae10a99,charles_buchanan@gmail.com
387,Winifred Crumedy,2284088b-0fa4-43bb-948c-9b6cd2002c27,winifred_crumedy@gmail.com
388,Susan Lawson,1c564279-bf36-4636-9686-1c0697b677fc,susan_lawson@gmail.com
389,Larry Mcmillian,54da8163-d22a-48c9-ac63-90788110e1a7,larry_mcmillian@gmail.com
390,Margaret Boswell,dc1e9c4e-adc7-4c6e-9d44-8d601248ae8f,margaret_boswell@gmail.com
391,Jonathan Serrano,c9589792-a12a-4329-9949-7ed82bb4736b,jonathan_serrano@gmail.com
392,Nicole Hartman,41aad1ab-2963-425b-85d7-bfbfcbba8420,nicole_hartman@gmail.com
393,Sandy Evans,5f2effc7-cc3f-42f8-91cb-d1ab6d66b4ec,sandy_evans@gmail.com
394,Patricia Owens,8e54c1b1-f4ef-4e39-a40b-d17287ffab11,patricia_owens@gmail.com
395,Robert Downs,8d4f6fe5-41b2-4ed9-8221-17f01a49461d,robert_downs@gmail.com
396,Rebecca Flynt,850ac0e9-94ae-494f-ad68-78a283654b07,rebecca_flynt@gmail.com
397,Rosario Janda,87efc8ae-51fa-4fa9-9955-3f44b80fcee0,rosario_janda@gmail.com
398,Edna Laughlin,eb4e350c-e450-4335-8660-e0112dea6e46,edna_laughlin@gmail.com
399,Francis Ashley,3ecec02a-b73a-4ba3-8ab9-dc0dbc005c02,francis_ashley@gmail.com
400,Lazaro Moore,1e59df0e-b924-4f2d-a31f-87933830177f,lazaro_moore@gmail.com
401,William Sharrar,dff552b8-d339-432f-a8b4-93913aa84a29,william_sharrar@gmail.com
402,Carrie Enama,c0606acb-073c-417d-afbf-1ac29b8cb018,carrie_enama@gmail.com
403,Ralph Brick,9feb29ae-8a3a-4217-89f8-9180d96b5548,ralph_brick@gmail.com
404,Clifford Welch,393583a7-18fe-41c7-8e6b-8c13046cb79b,clifford_welch@gmail.com
405,Luisa Tyler,9930f8bf-7586-4014-9c80-0f5213416218,luisa_tyler@gmail.com
406,Mandy Henriques,d2a28d52-0bd0-4208-8eb9-2be11c80c697,mandy_henriques@gmail.com
407,Jade Babin,58955845-097c-46a6-93ed-57917668e898,jade_babin@gmail.com
408,Phillip Brown,31525c0a-fc86-4eef-a303-81ee0303354f,phillip_brown@gmail.com
409,Patricia Calais,3212de17-5917-4c8a-8c5c-a3441609613c,patricia_calais@gmail.com
410,Ethel Mercurio,4c6d6483-46e5-4f30-beb4-625bf1776657,ethel_mercurio@gmail.com
411,Joe Delmonte,0e3d27a4-95ff-4e8b-965c-0fc9c9c7791a,joe_delmonte@gmail.com
412,Suzanne Searight,397cda56-dae8-43a3-829f-c97c599545f7,suzanne_searight@gmail.com
413,Linda Cummins,62366da9-38bf-4cb8-b1df-769cdfa41995,linda_cummins@gmail.com
414,Lashon Bashir,613a2087-0b7b-4b18-ac0b-2831eecf4bb1,lashon_bashir@gmail.com
415,Connie Rubio,06a26a14-56f1-4732-9b70-263a78d204b0,connie_rubio@gmail.com
416,Gene Robinson,a0e0ccfd-7cf3-4564-b133-d05c0708808b,gene_robinson@gmail.com
417,James Thompson,f8e964dd-3dcc-4401-8aab-942832dadcc0,james_thompson@gmail.com
418,Chad Love,046da49f-dce6-4063-b6ae-80f5f61dc907,chad_love@gmail.com
419,Freeman Riley,7dd4a1c4-87bb-450b-a507-52bd5080804b,freeman_riley@gmail.com
420,Jacqueline King,386d27f1-fe75-42c9-85f5-959013b017a5,jacqueline_king@gmail.com
421,Dean Trejo,ef7f5761-1fc5-4b05-9700-d30581205fa8,dean_trejo@gmail.com
422,Lee Oswald,1f418c33-44af-4115-a96e-4d1d191b74f8,lee_oswald@gmail.com
423,Felipa Emmons,e5c19c2d-9610-499f-a1ca-b14e5cd4b5b3,felipa_emmons@gmail.com
424,Richard Fountain,0c913777-73dd-4028-a847-29c24bbb92d3,richard_fountain@gmail.com
425,Derek Pearson,5c0af39f-e4b2-449e-a22a-6ad95ebc1e0e,derek_pearson@gmail.com
426,James Ferg,59cb17d9-509c-4eb5-9040-ed84b657f37a,james_ferg@gmail.com
427,Pauline Fitzgerald,366b0926-9208-4770-89a7-4e787143a874,pauline_fitzgerald@gmail.com
428,Michael Scarborough,5f7cbaf3-ed78-4f28-a5cb-4c832cdb429b,michael_scarborough@gmail.com
429,Hazel Kiefer,8adedb39-9112-4511-adda-c41d188f8f3a,hazel_kiefer@gmail.com
430,Harry Behrmann,89ce0bff-8c0b-4587-8d87-8ea3a80fd210,harry_behrmann@gmail.com
431,Phillip Hanway,d6282022-1163-41ca-bbd2-bd88ef99bb85,phillip_hanway@gmail.com
432,Lillian Monk,4ce94236-4054-4446-9467-f85da866f718,lillian_monk@gmail.com
433,Jill Gray,b442c7a2-d9f3-487b-bc6e-75a8c499d188,jill_gray@gmail.com
434,Gertrude Abbott,f8c1bcc3-5443-4a8f-97aa-14534f609ed5,gertrude_abbott@gmail.com
435,Jennifer Hufford,1f0076e8-3cdc-4332-8b9e-34a8d284f104,jennifer_hufford@gmail.com
436,Denise Espada,131f7071-ec81-49e2-9583-0bb600358764,denise_espada@gmail.com
437,Shawn Sorrells,ef6e712e-9bd5-4531-bb8d-5329a30bf778,shawn_sorrells@gmail.com
438,Curtis Castellanos,732bf31a-37f6-4566-a4c4-f506ae010fcd,curtis_castellanos@gmail.com
439,Louise Zahler,864a6d84-6e4d-41e4-b3e3-69a83aa13b72,louise_zahler@gmail.com
440,Christine Johnson,e6694213-b1a4-4c7b-8694-e072f0b14fa0,christine_johnson@gmail.com
441,Randall Flakes,323b045c-9a73-46cc-84d2-92bfc713fdd5,randall_flakes@gmail.com
442,Rae Denton,12084be0-19de-46e1-975a-d59cfc2172b1,rae_denton@gmail.com
443,Elizabeth Gammill,456d547a-ac4b-48ba-a9c5-4a52322ecaaf,elizabeth_gammill@gmail.com
444,Jean Smith,0a65b58c-1a74-46f4-b819-571e32b2e6df,jean_smith@gmail.com
445,Ryan Clark,cf8da389-0307-4af7-be4c-b164eb2302d2,ryan_clark@gmail.com
446,Marcus Woodfin,233a32e8-16c0-42b7-b877-c47151762b3b,marcus_woodfin@gmail.com
447,Kate Morris,ac46d0ae-8fe1-4568-bc8e-b61c990f0a6e,kate_morris@gmail.com
448,Rachel Nickolas,33e49dd6-7fa2-4771-9de8-8a4129979107,rachel_nickolas@gmail.com
449,Alvin Glaser,a8e780aa-3c1d-416c-b7bd-eb8988728c64,alvin_glaser@gmail.com
450,James Powe,89c6da52-4805-4f7d-9bb3-ae0b6e55c164,james_powe@gmail.com
451,Eric Burnside,2f037d83-8480-4781-8a68-48bd9a609104,eric_burnside@gmail.com
452,Kenneth Thompson,9d09de2d-6fd4-45c0-ac35-a5068c712143,kenneth_thompson@gmail.com
453,Robert Larson,6e3bbdd4-0f3a-484d-9168-d3365de72691,robert_larson@gmail.com
454,Erica Mankins,a7971344-a1f1-4687-b5a4-8a57574a120b,erica_mankins@gmail.com
455,Blaine Miller,1ee7b4ca-1837-4204-9d1d-c08e9c2d7e85,blaine_miller@gmail.com
456,Lurline Sparaco,b57ce73a-558b-4fbb-9463-d75e0843e32f,lurline_sparaco@gmail.com
457,Charles Walker,9417667e-e22b-4a9f-a456-46ac4a79b7a9,charles_walker@gmail.com
458,Logan Salis,73fb9eca-d7ba-4c54-be1d-2ffbb3faabf5,logan_salis@gmail.com
459,Robert Moore,9cc24947-ab53-4437-911d-96d12df15cdf,robert_moore@gmail.com
460,Jose Quigley,cdb5a663-d5cb-418d-91f0-3d67f5b49188,jose_quigley@gmail.com
461,Brian Herring,19c5dc09-c2fa-4589-986e-0901302a5b2a,brian_herring@gmail.com
462,Armando Chang,4796940b-8a66-4001-9e59-489255d62e73,armando_chang@gmail.com
463,Frank Mccarley,0e267f4a-5d3d-4691-aef7-e11df0b044c1,frank_mccarley@gmail.com
464,Sarah Combes,339248e1-33e4-4407-8082-a2b8e0c9ed13,sarah_combes@gmail.com
465,Ruth Beebe,e24a772f-aad3-4402-b9e3-9802a4bdc6fa,ruth_beebe@gmail.com
466,Tena Holbrook,f02c65c8-64d5-4d60-8d9f-51693c8bde6a,tena_holbrook@gmail.com
467,Louann Mcguinness,51bc9553-728c-41fb-9dcf-fb17c36e9c8d,louann_mcguinness@gmail.com
468,Jessica Robbins,6cee0f4c-d11b-46dc-92f0-793b549efaaa,jessica_robbins@gmail.com
469,Angela Collins,c3324d56-acda-4796-b144-71d32cc6b885,angela_collins@gmail.com
470,Ethel Peiper,324009b1-dd43-4900-8cca-9ed60c07d08a,ethel_peiper@gmail.com
471,Anna Gannon,216d7253-d05f-43c4-aaca-fbb3bf78732c,anna_gannon@gmail.com
472,Miriam Gonzalez,416b9c54-19bf-48eb-b42f-256362f19e64,miriam_gonzalez@gmail.com
473,Harold Teeters,4e2b4364-4307-427a-b556-5f90ca61bf1d,harold_teeters@gmail.com
474,Jonathan Drennan,3ca983ea-c016-4780-92c1-94c71c2b225f,jonathan_drennan@gmail.com
475,Blair Bolden,89d4f0b9-4c65-4c8e-8386-c074525c88de,blair_bolden@gmail.com
476,Ronald Viens,31b52933-3df4-4a73-aeef-a446e990e950,ronald_viens@gmail.com
477,Darryl Hernandes,203f3a6b-92c8-40dd-8b7f-50f7d1a075cc,darryl_hernandes@gmail.com
478,Jennifer Foster,52858829-3fa4-4f41-8788-00623a37e0e8,jennifer_foster@gmail.com
479,Ralph Mckeown,5ef7927d-e16d-46fb-9617-1c4da0c2a882,ralph_mckeown@gmail.com
480,Andrew Rawls,05bd9a6f-d8e8-4119-a886-a0d81c889304,andrew_rawls@gmail.com
481,Jason Pumphrey,e45050d6-c28f-483e-ae16-804efdda6d93,jason_pumphrey@gmail.com
482,Katherine Alden,2bd83b67-a7ee-4ec7-9b16-e78baf6aa8cd,katherine_alden@gmail.com
483,Zachery Cotton,ca4dc85e-0734-44be-b8d4-1fe8181fcf0f,zachery_cotton@gmail.com
484,Brian Frith,f747165a-fbfb-46d7-b8b0-0f125107edc1,brian_frith@gmail.com
485,Selena Joseph,58f0751c-02f1-472e-af5e-45f76a2baae5,selena_joseph@gmail.com
486,Carmen Monterio,ed31bc7b-13cb-4ecd-97a1-3c964c654ecc,carmen_monterio@gmail.com
487,Brett Metzler,e626ceb2-21d7-4446-801d-718fd57311cf,brett_metzler@gmail.com
488,Vera Cortes,ba979cd1-a41c-48ac-b043-d6059f87d72d,vera_cortes@gmail.com
489,Curtis Odonnell,f9de20d3-00ce-44ff-8684-3cf496c0445d,curtis_odonnell@gmail.com
490,Laura Silliman,4bd9c816-e823-456d-be25-86fd1cbf47e4,laura_silliman@gmail.com
491,David Harris,763aec3f-ba6d-4c65-9402-6886707ad13a,david_harris@gmail.com
492,Barbara Lyons,5b6cd71f-3062-4b8a-bcc9-475721c2e00f,barbara_lyons@gmail.com
493,Ernest Smith,d646d1f2-2264-4c8d-abe9-7a4de77fa760,ernest_smith@gmail.com
494,George Jones,383c04fa-f88c-45a7-8892-063b3ce7f42d,george_jones@gmail.com
495,Laura Thibodeau,2410e8fa-3e8d-4b54-b77a-3f2ba2fbf5f1,laura_thibodeau@gmail.com
496,James Chojnacki,b1c90e58-44b0-4c26-9c43-3104ed86dfbe,james_chojnacki@gmail.com
497,Kate Flanagan,edac72fb-643e-4014-b31c-654d685404ea,kate_flanagan@gmail.com
498,Teresa Hunt,bb709192-1674-4726-a81f-ff5cc9c07a79,teresa_hunt@gmail.com
499,Mitchell Wengerd,94d58e34-104a-4019-80d7-5b76f7c6ebf5,mitchell_wengerd@gmail.com
500,Katina Macfarlane,d6df552d-6dfb-450a-bad0-b26ddd1ef6ce,katina_macfarlane@gmail.com
501,Kyle Edwards,b163ccf9-0a37-49f5-8e46-248d3be96b46,kyle_edwards@gmail.com
502,Phillip Paul,48c80475-1539-4826-9dcc-f231968953d2,phillip_paul@gmail.com
503,Casey Copher,400c4582-235d-4bf6-8388-439d8922ffb3,casey_copher@gmail.com
504,Neil Tuinstra,3abefa33-25f1-4101-9c2a-c68b0a6b5be3,neil_tuinstra@gmail.com
505,Barbara Nguyen,21f8614f-896c-4ca2-81bb-4c93f3c25e53,barbara_nguyen@gmail.com
506,Tracy Kneip,dce5b7ef-ba15-4050-bbaa-b94b3fd73c6e,tracy_kneip@gmail.com
507,Nellie Heflin,1832e79f-1e69-4017-b39a-de1639408100,nellie_heflin@gmail.com
508,Jose Rucker,5c1071f6-a396-428d-920a-c7aa50df40e9,jose_rucker@gmail.com
509,Carey Wison,c880774b-957f-487f-a843-dc6a73a40063,carey_wison@gmail.com
510,Marvin Delgado,88824be3-f1ff-4be6-b6d0-82474785a33d,marvin_delgado@gmail.com
511,Mattie Jones,34d0407f-be60-4033-afd3-cdbcd622fa6f,mattie_jones@gmail.com
512,Alba Bennett,2cf0b2f6-3d62-433d-a30a-ecadc59509f2,alba_bennett@gmail.com
513,Gene Sawyer,d83b7095-0c81-4734-af44-8c7742737581,gene_sawyer@gmail.com
514,William Nunez,dbecb06d-bea4-4365-97e9-47997c6dd0b6,william_nunez@gmail.com
515,Georgene Wingham,a942c83a-3fac-455d-850a-866d649a7d65,georgene_wingham@gmail.com
516,Alex Babers,ab398d9a-2e02-4a0a-a576-442b36f7f3df,alex_babers@gmail.com
517,Jessica Stillman,cafeec64-35bc-4b1c-8127-16d317ed8fdc,jessica_stillman@gmail.com
518,Steve Kennedy,ee80571e-95e4-4f99-9059-e6f1f681ffd2,steve_kennedy@gmail.com
519,Gregory Ortiz,cc6ed42f-1e9a-4c92-8cd2-f65045960cdf,gregory_ortiz@gmail.com
520,Mary Burling,0a897aa7-08a3-47b4-9098-3c03fb55ad12,mary_burling@gmail.com
521,Brian Alvares,9c19a710-6221-4cb5-a7b8-49fc8f6e4c5b,brian_alvares@gmail.com
522,Lewis Miller,d86db093-8e55-48f8-9812-e347d8e981b6,lewis_miller@gmail.com
523,Sheila Thompson,a88bb8ea-11bd-4298-98be-745bd65aa0dc,sheila_thompson@gmail.com
524,Margo Paine,b15d1acb-07c1-4a43-9cde-51bdc2aa0ddc,margo_paine@gmail.com
525,Wesley Strefeler,ffdffce2-305c-4a15-8fa8-371e3c2afb21,wesley_strefeler@gmail.com
526,William Riley,9823c1ef-973c-465d-a6a9-f83c036b0d32,william_riley@gmail.com
527,David Welch,f00a3325-d37b-4a13-96a2-5471a013cf46,david_welch@gmail.com
528,Robert Ramos,f80a56c2-4632-48cf-b7ef-3741ad7b1e74,robert_ramos@gmail.com
529,Larry Lingberg,8185619f-33ea-4ed1-8383-0208e0749e11,larry_lingberg@gmail.com
530,Dora Clifford,1cca0ef8-da4c-4d21-969d-f94dff85145c,dora_clifford@gmail.com
531,Mary Myers,7a099bf2-b507-4daa-895c-bacbc86af0ad,mary_myers@gmail.com
532,Andrew Freeman,4716692b-2e94-49be-9ff9-ef5125711c23,andrew_freeman@gmail.com
533,Wayne Newton,76b65696-760f-435f-9566-ac539f7f6afb,wayne_newton@gmail.com
534,Adam Polczynski,f2f1cd33-0bef-401e-b3be-dea430bc500f,adam_polczynski@gmail.com
535,John Longacre,4d761443-0dca-4389-b0ae-ad0f8992ef95,john_longacre@gmail.com
536,Rose Dominguez,3f39fd57-c5c7-4d8f-bbec-192953ee666f,rose_dominguez@gmail.com
537,Harry Lacy,4e04a8a5-5d87-4c7a-b61b-38c86c14aedc,harry_lacy@gmail.com
538,Faustina Ellis,488ebc49-729a-4533-99b7-ec1371f7fab9,faustina_ellis@gmail.com
539,Scott Sanches,3128fe88-a785-4589-ab82-a08196f0bcbe,scott_sanches@gmail.com
540,William Graham,f44ebbd5-492c-4153-9b4c-1d643d5680ea,william_graham@gmail.com
541,Jennifer Taylor,4a517c08-9863-4f1e-90f1-17a077d60917,jennifer_taylor@gmail.com
542,Kathy Embrey,ba235d70-1328-44bf-9b27-1d569f93a3b0,kathy_embrey@gmail.com
543,Josie Myers,7e47a2c5-a8e5-4a6b-956e-9e6110ae881e,josie_myers@gmail.com
544,Alice Gastelum,e9894795-d371-41bc-a37a-b1289dea378e,alice_gastelum@gmail.com
545,Barbara Beard,e47ac6d9-2486-47ed-86ec-38a62d71337e,barbara_beard@gmail.com
546,Sharon Dominguez,863f21fe-7a01-4bec-98a3-db451bdcbaf0,sharon_dominguez@gmail.com
547,Lee Blackburn,345c13b5-26c4-4fa8-a01e-297493a15a1e,lee_blackburn@gmail.com
548,Adam Nations,dcebec80-6857-4b63-a895-a4932169a29f,adam_nations@gmail.com
549,Michelle Fair,26caa66d-dd8e-4809-b13f-ebe50fda3bd5,michelle_fair@gmail.com
550,Mary Hughes,36056508-d3ee-4312-83ef-1e7379caf996,mary_hughes@gmail.com
551,Cynthia Jung,c80d8e1e-2bf3-46b8-a06f-bc447eaaf192,cynthia_jung@gmail.com
552,Christine Norville,93a2619c-b05a-45c0-92c5-b8e4ebf20219,christine_norville@gmail.com
553,Raymond Jones,f0435b0b-942f-4112-8f4a-0ba765f36fa7,raymond_jones@gmail.com
554,Barbara Angeles,37cdec2f-8efd-4528-a960-c8840d9ab5d1,barbara_angeles@gmail.com
555,Eileen Rosenthal,72b2fa73-8270-4321-bcc7-ab3949d6d5a9,eileen_rosenthal@gmail.com
556,John Stokes,65d3c2ff-d2ff-4926-a95c-71c7bf0835ec,john_stokes@gmail.com
557,Elmer Schmitz,c427f3dc-f3cc-4b55-9494-fed4d73205b6,elmer_schmitz@gmail.com
558,Trisha Mitchell,44a7ccf0-88cf-4805-9e63-1099acf80f91,trisha_mitchell@gmail.com
559,Michelle Ruggles,431ccb61-8835-4f61-b9ab-2a703a687cfa,michelle_ruggles@gmail.com
560,Dan Culhane,24b02b1c-cb57-42b8-a096-24319d42e4ec,dan_culhane@gmail.com
561,Ricky Adams,90990d82-5507-4508-a1e0-7527139d6887,ricky_adams@gmail.com
562,Sarah Blackwell,7779a40b-9261-4366-a3a3-37b9659d8da0,sarah_blackwell@gmail.com
563,Ralph Lenoir,25c02311-a45c-400f-a105-e8e8dc8b4689,ralph_lenoir@gmail.com
564,Timothy Salinas,072a3a03-09de-4193-b91b-ec98165188d1,timothy_salinas@gmail.com
565,Kara Loesch,ac4e55ae-c534-40a8-86f6-82204a48d298,kara_loesch@gmail.com
566,Marie Meddaugh,9b38a326-f2a6-46cc-9019-2802282ae995,marie_meddaugh@gmail.com
567,Flossie Levitt,20f13aa2-dd6d-4f26-a1c3-4037c4cc940b,flossie_levitt@gmail.com
568,Becky Kirkwood,552f3908-323a-4706-98ae-36c080a98655,becky_kirkwood@gmail.com
569,Basil Chavez,02aa6c48-e983-4ef0-8222-dc14c24ffa8b,basil_chavez@gmail.com
570,Jessie Contreras,acaaa725-36d3-46c4-89f3-53e8cf19793d,jessie_contreras@gmail.com
571,Allene Linn,3dfcfadf-34fa-46e1-8806-6d09835c4868,allene_linn@gmail.com
572,Tracie Woosley,43e0670f-6a65-45ad-b641-6f4fb5174ea2,tracie_woosley@gmail.com
573,Bryan Trout,a9124e13-4b83-45f1-b6bf-69193f2254ea,bryan_trout@gmail.com
574,Curtis Anderson,25d70b3a-5621-4630-8aa0-a6830f2c7b52,curtis_anderson@gmail.com
575,Jessica Kay,6190e3a5-4740-4bd8-aa4b-406180a246a1,jessica_kay@gmail.com
576,William Martin,a8ba7b66-a55b-4431-ad8a-e2cf6fd781ed,william_martin@gmail.com
577,Bertha Mchugh,5bd2e160-f2ea-4609-a1ac-3fdbf9d32428,bertha_mchugh@gmail.com
578,Rachel Rhoten,b5edd590-f550-4a6d-a27d-c70dfb5be8b3,rachel_rhoten@gmail.com
579,Amber Gandy,d0e3d64a-72ec-4380-9846-c90d2bff1ccd,amber_gandy@gmail.com
580,June Berry,ab6ed7a7-a8cd-42a0-b3ab-7736c515e27b,june_berry@gmail.com
581,Brandon Hawkins,df00a24b-c482-4cbc-a364-be5eaf7a9af9,brandon_hawkins@gmail.com
582,Lin Sledge,81d992b4-18e3-4b30-942b-cbcad93c2438,lin_sledge@gmail.com
583,Angel Poole,f1fa3488-b735-48a6-a0ca-95456fe6c3cd,angel_poole@gmail.com
584,David Sanchez,811f2f21-4e4d-4695-ad72-710566fd8b5a,david_sanchez@gmail.com
585,Joseph Slowe,a4283e50-bc5f-481a-ad03-569dd3e16db3,joseph_slowe@gmail.com
586,Diana Schneider,33610768-e7f8-4ec0-b8d9-8ca49886289b,diana_schneider@gmail.com
587,Jimmie Powell,7e7f8ab2-4b5c-45db-b682-5bfddfc9c57b,jimmie_powell@gmail.com
588,Linda Sykes,eb940463-0325-42e4-97c5-d24790afd887,linda_sykes@gmail.com
589,Jonathan Vanhorn,ec62601d-8ed9-43c5-a78a-b367dcfc5fc1,jonathan_vanhorn@gmail.com
590,Pauline Sparks,250778d2-4a41-4551-a77f-04b7d51fb0ec,pauline_sparks@gmail.com
591,Christopher Griffith,f81a2d1d-f973-4243-a3d9-655c451d0b49,christopher_griffith@gmail.com
592,Ernestine Bing,bf7b3b1a-a785-40dd-a516-e0932c6f7991,ernestine_bing@gmail.com
593,Bonnie Patton,bd7e9905-8dab-4e1a-855e-2120767173b9,bonnie_patton@gmail.com
594,Richard Lang,79dc8254-6ae0-41e2-a4ab-4d4896bef176,richard_lang@gmail.com
595,Jeffrey Franklin,512a83fa-6045-451a-9b6f-2d6c283d451c,jeffrey_franklin@gmail.com
596,Kristin Sheppard,d94aca46-9f94-4a8f-862c-09156da8731a,kristin_sheppard@gmail.com
597,John Ewings,eed137ed-9732-4811-956c-e1bd5f4f1a6b,john_ewings@gmail.com
598,Robert Stokes,e7737cf0-8592-4df8-b7d9-95488dc568bb,robert_stokes@gmail.com
599,Sherry May,32d0aa4d-e009-4fdc-a8d6-a79ab75f95d6,sherry_may@gmail.com
600,Jim Garner,37e1f065-862f-4df0-826b-547dda3e68ed,jim_garner@gmail.com
601,Tonya Miller,db1eba3b-9d7a-4376-a009-5524c1c28dc4,tonya_miller@gmail.com
602,Pauline Nelson,44affcae-4ae9-49c6-a4c0-82fb718e1cfe,pauline_nelson@gmail.com
603,Shirley Srey,6545fbed-815e-4c7f-bf07-f7f1dde8a3f9,shirley_srey@gmail.com
604,Anthony Smith,c5ea5064-5950-4289-8222-1869596540f8,anthony_smith@gmail.com
605,Mary Davila,ec1e4b40-836f-4014-95d4-082f2077d686,mary_davila@gmail.com
606,Anita Rye,da11653f-87a1-402b-b75e-e3d51e0f723e,anita_rye@gmail.com
607,Richard Hadaway,1762af2f-aa34-49a7-aa37-d4d8fbe2df82,richard_hadaway@gmail.com
608,Marc Dauenhauer,eaba54c8-78a8-4872-a326-d7e7623e4d3e,marc_dauenhauer@gmail.com
609,Kimberly Alejandro,3e218c1d-ae7c-43d5-9edd-23441289d7e8,kimberly_alejandro@gmail.com
610,Tammi Sherrell,600b82a0-2ef7-4b5d-8ba1-ea5a0914cd8d,tammi_sherrell@gmail.com
611,Anita Rasmussen,6955c9bf-adb9-451b-9e61-0d4fa765f508,anita_rasmussen@gmail.com
612,Louise Lavallee,8be5dc7a-7d15-47ff-b7e3-d1a6226f2dd8,louise_lavallee@gmail.com
613,Eric Jordan,7a4af124-8a2c-44cd-a03b-c16503709859,eric_jordan@gmail.com
614,Carl Brannan,cb1bdd70-3517-4fbd-b566-7bf419434107,carl_brannan@gmail.com
615,Richard Frentzel,5cfc39f4-cfa1-4727-aa63-64bfc4dc6624,richard_frentzel@gmail.com
616,Frances Staley,21fdb02f-0b76-4667-8d79-2ad5f50399dc,frances_staley@gmail.com
617,Michelle Harper,033f65f6-683b-4189-839f-e44bce7766b4,michelle_harper@gmail.com
618,Roy Styles,eb7f2a17-236c-4b52-a5da-0fdfbc1ff53d,roy_styles@gmail.com
619,Charles Thompson,034cb2d6-0a97-46c7-bf88-834e949e9345,charles_thompson@gmail.com
620,Carl Frank,fb573016-969d-4615-8db0-fb07df30bd6c,carl_frank@gmail.com
621,Donnell Lundstrom,faddc5c9-0f2e-4785-a1cd-56082e5079a7,donnell_lundstrom@gmail.com
622,Jamie Phipps,b641b6b2-352b-4c79-9e01-f79fb824c2be,jamie_phipps@gmail.com
623,Gilbert Huey,ab162e8e-fedd-45ae-8141-6668d5aef72e,gilbert_huey@gmail.com
624,Jeffrey Clegg,52355407-3e85-45e5-914d-b5b566df07e8,jeffrey_clegg@gmail.com
625,Flora Lund,e8056e77-fb1d-4586-8e61-790331e4a30f,flora_lund@gmail.com
626,Heather Smith,9429479e-9ca1-4e71-8766-8dcd8699f54f,heather_smith@gmail.com
627,Michael Sheline,520eb3fd-398d-4ed1-8dbe-9a8eaa7823ad,michael_sheline@gmail.com
628,Juan Ball,bf4d406f-3b80-4e6c-9757-870b6aa844a0,juan_ball@gmail.com
629,Jeff Gillins,b39e26cd-dedc-4a53-a8a8-e51dff129cc1,jeff_gillins@gmail.com
630,Patricia Yeager,909d5143-e02e-47f6-bd49-76c576bebd44,patricia_yeager@gmail.com
631,Sharon Braaten,51af8d72-e482-4884-985c-20e2c134edfd,sharon_braaten@gmail.com
632,Sherman Cheatwood,23889831-d3d0-49e2-bf14-e5bc3594d02e,sherman_cheatwood@gmail.com
633,Teresa Smith,b8a635a8-4d3f-4eb6-a939-dc94c1082010,teresa_smith@gmail.com
634,Donna Perry,f7a63c26-559c-498c-8c20-b0a2e25cd46f,donna_perry@gmail.com
635,Louisa Brewster,25b4b451-7b97-4976-b3d0-f07e09609ef6,louisa_brewster@gmail.com
636,Cheryl Pua,6ba13211-175f-4e17-b097-020aec527291,cheryl_pua@gmail.com
637,Allen Trent,b21772ca-754c-462e-a312-0fa285a35fbb,allen_trent@gmail.com
638,Luanne Jones,c129980c-9923-4a0c-bfe9-53dccdb70777,luanne_jones@gmail.com
639,Lillie Hallack,23dfb4a7-e48a-45f5-9d59-2b322bdf4498,lillie_hallack@gmail.com
640,Michelle Arguellez,f6ade45e-934a-4915-a2e0-331b74633afe,michelle_arguellez@gmail.com
641,Susan Cargile,35d962c5-83f4-4ffc-aa8a-e6c58e8bf53b,susan_cargile@gmail.com
642,Maria Suttles,7e3f57d9-6ec4-4861-b2b9-845fa2272bcd,maria_suttles@gmail.com
643,Jose Kozlowski,4ce8922d-00f3-4aea-a243-e2bfbc6986a2,jose_kozlowski@gmail.com
644,Lisa Nieves,3c3042b8-1927-4000-8d44-e992c38db256,lisa_nieves@gmail.com
645,Betty Lynn,37dcd091-5397-420c-ba25-37a1ed3d7f4e,betty_lynn@gmail.com
646,Dalton Dever,2f2aef7b-975a-442d-99f2-e150a4eb374c,dalton_dever@gmail.com
647,Christopher Summers,721e0e18-cb90-4159-8c01-c3700893b822,christopher_summers@gmail.com
648,Michael Landeros,b49a5f38-ac40-4855-be8a-7410caca8e29,michael_landeros@gmail.com
649,Hannah Bradwell,46e6e731-dce8-48f7-b948-1426df8241f8,hannah_bradwell@gmail.com
650,Marian Furey,68af4462-6490-4066-9f3b-a25a5e8d5a91,marian_furey@gmail.com
651,Deanna West,dc518e26-920e-4466-a969-2eba9ec9ec0d,deanna_west@gmail.com
652,Kim Kallas,089d8690-75d0-4867-81ba-834c35e008c9,kim_kallas@gmail.com
653,Lee Washington,e9ecbab4-e2a9-4ec2-b679-32f15ef11d02,lee_washington@gmail.com
654,Alton Coles,a068d40b-f635-4f3c-bcc0-489630341691,alton_coles@gmail.com
655,Rebecca Secrest,a4c456ba-3342-4365-82c6-134ffd35d3aa,rebecca_secrest@gmail.com
656,Ryan Dominguez,252fcd63-5769-491c-8dc8-6eaa3c027b73,ryan_dominguez@gmail.com
657,Edward Yasutomi,428feb93-7a29-4536-b20f-5d0fc3b836e2,edward_yasutomi@gmail.com
658,Timothy Henderson,6838ea29-7f06-48ef-89ba-91048da637ad,timothy_henderson@gmail.com
659,Shirley Leonard,21b6fefe-f6e8-4ce4-84d8-6d415f7871cc,shirley_leonard@gmail.com
660,Jennifer Lee,820b8b54-b897-4636-8161-918083d374c1,jennifer_lee@gmail.com
661,Paul Mattison,4435687d-9fcc-42c5-be15-23999c76732e,paul_mattison@gmail.com
662,Travis Key,d9716bce-43f1-4397-a469-cdf1db5c48b3,travis_key@gmail.com
663,Jeffry Hawkins,a0fc5961-31fc-4a0b-812e-ab3e651ff160,jeffry_hawkins@gmail.com
664,Christina Duval,506ba83b-e81b-4a35-bd14-c25e2178d9e4,christina_duval@gmail.com
665,Evia Williams,7c0a451d-94d2-46b5-9563-b632af0f32e3,evia_williams@gmail.com
666,Margarita Mason,b7c16e79-7b3f-4084-99af-701f238997a9,margarita_mason@gmail.com
667,Matthew Donaldson,21b921f1-eb8a-4a05-b3d2-0d12240677da,matthew_donaldson@gmail.com
668,Lisa Muzzarelli,b826679b-aac6-48e7-8f49-474c88f77f1d,lisa_muzzarelli@gmail.com
669,Michael Barrett,7efacf3a-147e-4941-ae27-2d3e8fff5b30,michael_barrett@gmail.com
670,Shamika Voorhis,0dc8be25-cb9a-4299-92a0-157b9e23b317,shamika_voorhis@gmail.com
671,Susan Vong,ee69d163-0947-4720-9922-1d17c14b583c,susan_vong@gmail.com
672,Dwayne Collins,69c4f2ac-3705-431a-a949-1de82a279d8e,dwayne_collins@gmail.com
673,Robert Sparks,30a00dc3-02da-4511-91f7-fbe9e743b89f,robert_sparks@gmail.com
674,Milton Goodall,0575557c-ab80-4a88-91de-4191064165e8,milton_goodall@gmail.com
675,Kevin Hammond,45afa3e8-051a-4426-b5a1-7ebe842040da,kevin_hammond@gmail.com
676,Christopher Barrett,f36df79d-d208-4a76-805f-96c614efd27c,christopher_barrett@gmail.com
677,Florence Sweet,aab34c32-ede4-42cb-9be2-9e3f75fa8b0e,florence_sweet@gmail.com
678,Kathleen Campbell,c689d56d-247c-4ed7-931d-a3b9049fd9d8,kathleen_campbell@gmail.com
679,Gloria Bilyeu,40c4b256-86c7-4c26-981f-5bca7f1df99a,gloria_bilyeu@gmail.com
680,Alice Mckay,3f362ea2-4397-4acf-9e3b-9af996e1f306,alice_mckay@gmail.com
681,Bertha Nugent,88339ac5-1b77-4af0-93a2-04cb64f2363a,bertha_nugent@gmail.com
682,Debra Lansberry,8353a7ea-10da-4c97-b0a0-a77ac5b36248,debra_lansberry@gmail.com
683,Branden Uran,a19cbb40-d99f-42d0-b6e4-32c475de9557,branden_uran@gmail.com
684,Helen Dennison,cc6528de-f075-44cf-8684-eb9af2c897ac,helen_dennison@gmail.com
685,Larry Matte,427e8c1f-a0c7-40eb-9ff4-4e98710e1dff,larry_matte@gmail.com
686,Julian Scott,0c8f5c6e-b28c-4d57-ad09-9072a2afeeaf,julian_scott@gmail.com
687,Diane Freeman,bf66ecef-eafb-4541-8d30-44d012b46300,diane_freeman@gmail.com
688,Judith Nelson,8402d45f-53df-493a-b8d7-c87f7ec167e2,judith_nelson@gmail.com
689,Herbert Beard,5105125e-1667-4793-9104-7b3b1937c2b5,herbert_beard@gmail.com
690,Holly Oslund,5e4cb4bf-91b3-4f89-95b8-e632d720dfed,holly_oslund@gmail.com
691,Kenneth Roe,8b5f4c24-d4e2-4465-a2e4-c937ecc4e265,kenneth_roe@gmail.com
692,Alex Askins,c3500896-bea2-4e7b-a356-41c33e616c3d,alex_askins@gmail.com
693,Dawn White,7d287a98-712d-4d81-a4dd-0803dc115313,dawn_white@gmail.com
694,Joseph Cavazos,bacf7c8a-ddc4-446e-af1b-c09936108246,joseph_cavazos@gmail.com
695,Arthur Lee,d801285f-3c51-4cb7-9bb9-2eb5c8f89a03,arthur_lee@gmail.com
696,Jerry Warner,ca32f488-f61d-4844-9db4-8d99aa88a724,jerry_warner@gmail.com
697,David Dudley,8c1e527c-1971-46ca-89ed-95158760c68c,david_dudley@gmail.com
698,John Alexander,b80b0f8c-c6be-482f-b608-6caf8ffa317c,john_alexander@gmail.com
699,Kirk Davis,540d3a89-9989-41bf-a56e-8053c7aa3c84,kirk_davis@gmail.com
700,Mary Ray,a7a64935-cadb-4f6d-a60e-c779573bc8b8,mary_ray@gmail.com
701,Mary Howell,bb2e1952-d679-4636-aed1-1dd8c2b2f309,mary_howell@gmail.com
702,Kathrine Wilson,2ecae242-6925-4c3b-b905-ae1a98dff78b,kathrine_wilson@gmail.com
703,Nancy Sullivan,eabdf86a-c458-4e56-89d5-66957f9ad1ed,nancy_sullivan@gmail.com
704,Carla Boatman,67bdd613-c4b4-4f53-88be-f3c82b43cc01,carla_boatman@gmail.com
705,Edward Lippert,ef0faf41-ae63-4b81-89ed-4a241260a173,edward_lippert@gmail.com
706,Ricky Corbin,6d36624a-fd66-4cc1-b14b-4dc531388b3e,ricky_corbin@gmail.com
707,Emily Frost,2ceba7ce-3963-4269-a7fb-834335e4cf08,emily_frost@gmail.com
708,Michael Coulson,91246bb7-a091-481c-8c0f-81f0c51ccde9,michael_coulson@gmail.com
709,Joseph Hedrick,df761a64-8c3c-4305-87a7-9bebacad7b60,joseph_hedrick@gmail.com
710,Alice Murray,3596adb9-6781-480b-befe-2db439cf8654,alice_murray@gmail.com
711,Rebecca Gage,6b9a2795-506b-476f-beab-aa22fbaf6f0e,rebecca_gage@gmail.com
712,Euna Morissette,0d239569-9ccf-4f20-965d-48a2d01ed1be,euna_morissette@gmail.com
713,William Ingram,742db53d-dc30-4b32-bc99-f5d96bc946f2,william_ingram@gmail.com
714,Michael Keiser,8cc1a94c-0b9d-4c45-a103-e2461ad457de,michael_keiser@gmail.com
715,Ida Manzione,24dd0657-e86c-4707-9e1a-e233c590a9e9,ida_manzione@gmail.com
716,Andrea Holloway,a3707fa5-4e94-439f-a030-eb7120d2782c,andrea_holloway@gmail.com
717,Malcolm Carter,6daf1b08-1583-466a-bc5b-b4faa85f358b,malcolm_carter@gmail.com
718,Kimberly Swanson,291488b6-2a13-4d7a-993b-1ba098e8f843,kimberly_swanson@gmail.com
719,Josefina Unger,28b0b364-386f-4953-9fd2-45a65d135a4a,josefina_unger@gmail.com
720,John Stecker,85c87fd0-65f7-48d7-ab60-392a5ac22d83,john_stecker@gmail.com
721,Loyd Weidenbach,f226d930-90a9-46ce-abad-46041c64170d,loyd_weidenbach@gmail.com
722,Christine Reyes,886ff115-02be-4749-aa0d-c4b14474bb72,christine_reyes@gmail.com
723,James Sanchez,887b4293-6c03-4bcf-90e1-a0eb999afe8b,james_sanchez@gmail.com
724,Rosita Hunt,baddb53b-96dc-4b8d-b489-a9835c18e3ce,rosita_hunt@gmail.com
725,Scott Slusser,f8ef6ddc-4f1d-407a-a1f2-3fed1d096600,scott_slusser@gmail.com
726,David Kelly,7a0e5209-2ad2-4357-acfc-9210628a105f,david_kelly@gmail.com
727,Russell May,d2cb9e68-b419-47d6-a349-3afe398614b5,russell_may@gmail.com
728,Connie Schmidt,a496e9bf-0e41-48da-95b5-23a8b6a82787,connie_schmidt@gmail.com
729,Angela Morris,b98ec286-bba0-4526-8054-8032615070cc,angela_morris@gmail.com
730,Carol Phillips,828e2b66-4970-4472-8019-42d10a3bc0b8,carol_phillips@gmail.com
731,Jeffrey Morales,a875a312-ac38-480e-ae00-d1b04b0ee1b8,jeffrey_morales@gmail.com
732,Michelle Green,a20ce65b-d5e7-4a22-978c-47e460838688,michelle_green@gmail.com
733,Walter Adams,a20e9586-bd15-46bd-a151-add29a955ae8,walter_adams@gmail.com
734,Beth Cook,90fad599-3eb5-4afc-9460-14a81d94bc55,beth_cook@gmail.com
735,James Wemmer,315f110c-1013-4cf0-ae19-a94f88705357,james_wemmer@gmail.com
736,Timothy Cornell,190391b5-0c52-4421-900b-b70dc57381d1,timothy_cornell@gmail.com
737,Evangelina See,fd026ca9-29b0-49e2-88ae-5362a709aede,evangelina_see@gmail.com
738,Angela Randall,490a28ff-f41e-424c-ae23-633c61c82754,angela_randall@gmail.com
739,Leon Ward,2ec3935d-4e42-49fc-a921-4aca19bc84b6,leon_ward@gmail.com
740,Greg Gore,10c0dc98-65a5-4027-859f-58100fcc1b4e,greg_gore@gmail.com
741,Ida Hatcher,fb92a513-dda9-44d3-bf80-a5b5c06ee9fb,ida_hatcher@gmail.com
742,Ken Gray,6db48a74-5396-4284-967e-9e47ebf017ce,ken_gray@gmail.com
743,Ernest Passarelli,4a3cea04-40db-4713-9c27-dff465ad3c01,ernest_passarelli@gmail.com
744,Donita Meier,b3ad3e81-0c94-4526-9045-e2f427bcb3b4,donita_meier@gmail.com
745,Catherine January,d08e8c3e-508f-488e-b856-f9b8f035c551,catherine_january@gmail.com
746,John Lee,0eeff593-aa65-4018-8cef-6df935945bf1,john_lee@gmail.com
747,Jo Salcedo,c2a5ce5a-f9aa-4a8a-a77c-6f05a28b9800,jo_salcedo@gmail.com
748,Oscar Davis,2ee60c27-90ce-4e6f-9826-967fc00e7182,oscar_davis@gmail.com
749,Janet Mcmillan,5ffb5d36-ea8e-44fa-8e29-56ae4ff193a0,janet_mcmillan@gmail.com
750,Nora Harris,95e8d9d9-61f8-48de-b16f-9a9639c4e00a,nora_harris@gmail.com
751,James Vasquez,cdee410e-c0c5-41d0-a25e-843a81588bc4,james_vasquez@gmail.com
752,Malissa Feuer,e25ae2bc-bbd9-43a1-a610-7698c7e86db1,malissa_feuer@gmail.com
753,Tyler Mckeon,85df618f-09f3-4300-b0ec-7b443239a40d,tyler_mckeon@gmail.com
754,Tina Cheung,99bc8a07-1514-4de6-9c38-aa7f6b0870c7,tina_cheung@gmail.com
755,Peter Deloatch,b6c6e7fb-c438-4e4d-8e4c-76aa0e5f1149,peter_deloatch@gmail.com
756,Gladys Flores,d7ba4780-2b6c-499c-a8f8-ff704a3cb228,gladys_flores@gmail.com
757,Carlos Joy,361888da-75e1-409f-a21b-25b2f4194ee8,carlos_joy@gmail.com
758,Donna Smail,3250f544-2577-4ca5-966b-78204b972ac1,donna_smail@gmail.com
759,Hugh Hang,1850e1ed-0a27-4318-9d1d-b52df89e684a,hugh_hang@gmail.com
760,Elizabeth Turner,61c4ccd3-8993-42c3-a164-c04368e459ba,elizabeth_turner@gmail.com
761,Alice Petros,8e838e81-26e9-4942-bc99-11b7f62ca09e,alice_petros@gmail.com
762,Andrea Mcallister,56260a2b-eac8-431e-8b9c-4dc8c2e69048,andrea_mcallister@gmail.com
763,Hiram Joseph,96beec32-6aee-49c8-9a32-0e4c375cb506,hiram_joseph@gmail.com
764,Janet Upshaw,bc044c92-2981-4278-b2cd-812a0fcbbae5,janet_upshaw@gmail.com
765,Tracy Smith,a9f42498-f92b-4e57-9839-069e4436f96e,tracy_smith@gmail.com
766,Bernadette Sanchez,775d3f2a-1adf-44f7-ae97-b410aefbdd0c,bernadette_sanchez@gmail.com
767,Ronnie Oneal,aaa2cb8d-b415-4d57-8076-0161a26382fb,ronnie_oneal@gmail.com
768,Howard Pelletier,614bd552-3088-44af-8d0c-2780044f343c,howard_pelletier@gmail.com
769,Eliza Janssen,79aec940-1748-4ddb-9f13-eead053fbbc9,eliza_janssen@gmail.com
770,Michael Hedrington,f75deb60-c159-44d5-a981-8972074be1b6,michael_hedrington@gmail.com
771,Kyle Jeune,7dad10e2-b56e-485c-8fdb-d448df849e47,kyle_jeune@gmail.com
772,Manuela Turner,e40cbe69-3ff8-408e-9f8d-0147b75f201e,manuela_turner@gmail.com
773,Rosalyn Kirtland,961cb36a-a913-4d87-a520-9a2bfe8b7808,rosalyn_kirtland@gmail.com
774,Shelby Macias,a9f35c86-ff16-4f5c-a13a-d73a59056266,shelby_macias@gmail.com
775,Christie Flesher,cd7c232a-817d-4603-a872-adda192cb87f,christie_flesher@gmail.com
776,Lisa Banks,f563e5f4-27dc-4e62-a173-606e60b4f1ff,lisa_banks@gmail.com
777,Richard Sciancalepore,01ae91f9-4475-4dbb-a6e8-07c99aeab720,richard_sciancalepore@gmail.com
778,Helen Rybka,81291ffb-1f59-400c-9860-93409e897f1b,helen_rybka@gmail.com
779,John Dolson,a71a1666-73e0-4ea5-a8d4-ce7fa871c6e6,john_dolson@gmail.com
780,Wilbur Scott,e30af1f1-d925-4382-9426-7b558b89c7a3,wilbur_scott@gmail.com
781,Hazel Gary,1332e229-9d75-420f-9ba1-0b9fa9cab32a,hazel_gary@gmail.com
782,Steven Wilson,c3477429-4d25-4ca3-88da-98a4e4211138,steven_wilson@gmail.com
783,William Deangelo,a35ba856-afe3-4154-93d0-e3dbad5e457c,william_deangelo@gmail.com
784,Ralph Allen,4ec5d0b0-273c-4806-aa96-31ec80a632cf,ralph_allen@gmail.com
785,Edward Takemura,bd626c5e-e469-4fa8-8523-201bee4f0961,edward_takemura@gmail.com
786,Ronnie Oconnor,c0b4c1c4-41d8-437d-a6b6-fd9bef5d9915,ronnie_oconnor@gmail.com
787,Maureen Young,68d78fa7-7184-4191-a13c-e24a9cb833b1,maureen_young@gmail.com
788,Carlos Mcewen,b4339fbb-428b-415b-bb15-b10f546f3c33,carlos_mcewen@gmail.com
789,Melva Neal,f6f71913-22e2-4873-8fa1-9b1f6d3e5186,melva_neal@gmail.com
790,Catherine Thompson,7d42858e-7232-4d24-b6e8-ea28deea3296,catherine_thompson@gmail.com
791,Yolanda Trout,3627b6be-32f3-4a68-aba2-5aed4b819145,yolanda_trout@gmail.com
792,Jennifer Dotson,eabea926-f7ce-4c5e-a9c1-13924ba9a853,jennifer_dotson@gmail.com
793,Janice Hussey,b8eff51c-9c4b-49e9-91de-19b78747fc76,janice_hussey@gmail.com
794,Marcus Lanier,be3c75da-9522-458b-8795-78ef7a37a8b3,marcus_lanier@gmail.com
795,Stacie Cuevas,42095c2f-1bad-458c-aff5-ed133355913b,stacie_cuevas@gmail.com
796,Matthew Hoover,6dc85f20-7c87-4159-b17f-f4ada495386a,matthew_hoover@gmail.com
797,Elizabeth Mcmahon,c5d60db7-881e-4e27-9114-c114fc7e0042,elizabeth_mcmahon@gmail.com
798,Emily Guerra,d4d9b917-3188-4a5e-8c44-a64025599aa4,emily_guerra@gmail.com
799,Katherine Simmering,0735996e-104a-4cd2-9e87-0e8a8b4f4588,katherine_simmering@gmail.com
800,Juan Whitehead,966b62a2-3816-4f34-8fc4-31e70cfd7a64,juan_whitehead@gmail.com
801,Bryan Demopoulos,d3e0bf3a-14f8-4ed4-9122-005634e8b930,bryan_demopoulos@gmail.com
802,David Quincy,1a23e6e6-85d3-4340-ba48-35a4bbb53099,david_quincy@gmail.com
803,Sharon Lee,1a205429-02fb-42aa-94b8-9e355a04ed70,sharon_lee@gmail.com
804,Sammy Bailey,6b898446-663e-4a80-a199-c9a89af0a708,sammy_bailey@gmail.com
805,Lance Kirby,e2b0e790-2df3-4c36-89f8-e098f27df755,lance_kirby@gmail.com
806,Amy Wolcott,261ff4ae-ca2f-4658-a733-2f054eeab7c2,amy_wolcott@gmail.com
807,Minerva Bowman,c9b83036-8e5b-4e1f-b7cf-05ffbc8c66d8,minerva_bowman@gmail.com
808,Arthur Cole,feec10c8-f998-468c-9fd0-dc87ea086def,arthur_cole@gmail.com
809,Edward Morgan,19e4e0a9-4669-4b7c-90ab-3c74bd86ce33,edward_morgan@gmail.com
810,Marguerite Mose,396ce380-fcfd-4312-b8e3-0396ea20ab56,marguerite_mose@gmail.com
811,Juanita Warner,5259edd2-0f51-44b5-9a0c-d56099cac378,juanita_warner@gmail.com
812,Jesse Knarr,fed0d2fa-cd52-4857-82ae-23bc79a08536,jesse_knarr@gmail.com
813,Margaret Sproull,3e3d80ba-2783-433b-9911-201a01d9728b,margaret_sproull@gmail.com
814,Steven Gore,b3646b9f-5b0d-4b8b-9616-2e25c0563425,steven_gore@gmail.com
815,James Wooten,ac8efec5-640a-455d-b480-3931725bc319,james_wooten@gmail.com
816,Carmen Ford,b92135bc-8dfc-4003-a555-81d61ee2ece4,carmen_ford@gmail.com
817,Robert Rick,4cd852b1-4cdc-4ae6-865c-e6cca5ac2f41,robert_rick@gmail.com
818,Joe Horne,fff71527-a742-4a20-b642-b3ddc76c3c3b,joe_horne@gmail.com
819,Lola Mason,79f64662-4c82-440b-b4ed-5abc1c9bd61c,lola_mason@gmail.com
820,Tammara Bishop,5d111f9b-b5ea-41fc-9187-3a7872872a9d,tammara_bishop@gmail.com
821,Carol Thorpe,edaa397d-b5fa-4279-b0d7-9e55b1fa4154,carol_thorpe@gmail.com
822,Shirley Dixon,31dea384-3eed-404a-9877-fa5d249c3172,shirley_dixon@gmail.com
823,William Lau,c5a53bb7-1fa6-49cb-a6f5-2b91459812e0,william_lau@gmail.com
824,Joseph Wells,9d81f000-aa85-4fe0-b118-315c7f6b3c59,joseph_wells@gmail.com
825,Anthony Hull,0501a1d2-7f8d-4551-95b5-bbedd4f443c4,anthony_hull@gmail.com
826,Mark Peckenpaugh,6ca2c700-552c-451a-8d0a-dccccd1580e8,mark_peckenpaugh@gmail.com
827,James Berlin,d6cf1337-3e33-4d05-8130-a9f8c66e1b15,james_berlin@gmail.com
828,Melba Gorman,00a5cc8e-b4da-40e1-a767-a5e95ba425ef,melba_gorman@gmail.com
829,Luz Peco,a249fde7-77d7-4a47-8ac1-b3287ee59520,luz_peco@gmail.com
830,Kelly Arias,3609ca75-71b9-412d-929c-cce13af27ce7,kelly_arias@gmail.com
831,James Brown,32c75f1f-cd7b-4be5-b951-c62013393932,james_brown@gmail.com
832,Monica Pertsovsky,dcd3517b-2b84-4ecd-bec0-f58d077afcdb,monica_pertsovsky@gmail.com
833,Betty Holmes,fd2be047-90d8-4a41-b089-3d8bd2f8001a,betty_holmes@gmail.com
834,David Gunn,4bce9023-3af2-4327-82dc-6dcb3e518cc0,david_gunn@gmail.com
835,Elsie Miranda,1dd105cd-611e-4c21-99d2-b9d299334546,elsie_miranda@gmail.com
836,Kevin Meek,6fd24d1d-737c-43b9-aa86-35358ea0d156,kevin_meek@gmail.com
837,Linda Hazel,62a10fc7-bb3f-4483-8e5c-93d1489f235e,linda_hazel@gmail.com
838,Eric Spradling,1a10fdfb-ca36-485f-99c8-cec2931cde9e,eric_spradling@gmail.com
839,Winifred Morales,831d4889-04be-4ff8-bd52-4769786e01ee,winifred_morales@gmail.com
840,Dorthy Walters,c4b8d18d-f057-44a1-8146-a4aeccd5be7f,dorthy_walters@gmail.com
841,Jon Mcewen,81569d63-5ccd-43e2-a999-051b7ae70e2e,jon_mcewen@gmail.com
842,Sharon Hedrick,aec8b8af-045d-4d7a-b81d-cd14781de203,sharon_hedrick@gmail.com
843,Linda Toelke,c51b258c-f8a5-4d67-8b16-40b8def9b7a3,linda_toelke@gmail.com
844,Esther Transou,1d07593d-381f-4c02-ac0d-9892706a0af6,esther_transou@gmail.com
845,Cynthia Hernandez,9964b599-6dc0-47c9-8001-bd7841ad12da,cynthia_hernandez@gmail.com
846,Eugene Hamed,dcc8f2df-64f0-4af3-82c7-f780087de894,eugene_hamed@gmail.com
847,Nicholas Furlong,20d70c6f-cb8a-404e-b745-80c4f6fab50b,nicholas_furlong@gmail.com
848,Charles Lantz,b817ce4a-0c4b-4750-b06d-456f246814d4,charles_lantz@gmail.com
849,James Fietek,e62d8339-b3c8-483c-b448-62932d592715,james_fietek@gmail.com
850,Gordon Worsham,618ea6b9-55dd-43e0-aa50-8b66ae7051ed,gordon_worsham@gmail.com
851,Tara Grisham,a94660e5-7ae8-46fe-914f-670d1654d7db,tara_grisham@gmail.com
852,Thanh Bryant,be9d4086-efe6-44f3-9600-94f3d00a2141,thanh_bryant@gmail.com
853,Thomas White,1d53dd68-128c-427e-9bc4-610f4e4dccb5,thomas_white@gmail.com
854,Janet Kolbe,e7ff315b-fdfa-4c16-bb88-c8de4e6d557b,janet_kolbe@gmail.com
855,Jean Dove,9ba68912-71a3-4b59-8ceb-f2d12a145f4c,jean_dove@gmail.com
856,Joyce Buchauer,b27413b4-b077-44db-8ba6-07fcd72150fb,joyce_buchauer@gmail.com
857,Ross Kelly,406c1d28-e809-4b7a-b41a-4099095a0f35,ross_kelly@gmail.com
858,Margaret Green,21e7c7d1-a3fc-4b27-be32-559159f10a89,margaret_green@gmail.com
859,Sherry Huddleston,43e8dddd-3400-4c44-af91-140a91679487,sherry_huddleston@gmail.com
860,David Camire,370b1f8a-1a2b-49ff-a8cd-31c6f0111676,david_camire@gmail.com
861,Kenneth Rempe,61b87e68-0a56-4ce9-abf9-6bb2fcc433bf,kenneth_rempe@gmail.com
862,Kimberly Rossi,aabe31d3-e26f-4af3-880c-4286ddffc5c1,kimberly_rossi@gmail.com
863,Mary Jones,250a1b19-381c-4663-9654-fb0015da61b6,mary_jones@gmail.com
864,Margaret Protain,749fe29b-1e37-49ec-b4eb-90eb07e4e90f,margaret_protain@gmail.com
865,Paul Johnson,f56ec501-f4c9-4c00-a468-3bf48e2ef2ec,paul_johnson@gmail.com
866,Thomas Powell,b95d2056-796e-46e6-8878-6af343abdb5a,thomas_powell@gmail.com
867,Kathryn Lanzilotta,1ee5338b-604c-41bf-8b7e-5a82f72d3b8a,kathryn_lanzilotta@gmail.com
868,Susan Germano,415df61c-538b-47cc-aab2-725f4906e9c9,susan_germano@gmail.com
869,Dennis Nicholson,a11a7df1-78ac-40fb-888d-854bf2a82600,dennis_nicholson@gmail.com
870,Gregory Johnston,c3a78aba-16b2-4026-830c-c7ea6e0f8438,gregory_johnston@gmail.com
871,Helen Stewart,21c40937-50d6-4e57-8a9b-c0efcbadea41,helen_stewart@gmail.com
872,David Mcpherson,f3fda7fd-4d22-47db-af43-fff6701a785d,david_mcpherson@gmail.com
873,Jason Stemmer,5c11228c-af39-41e2-aee8-5389fd6dff4b,jason_stemmer@gmail.com
874,Sue Adams,d5b05062-31e7-4792-bab3-7381f3fc5f8a,sue_adams@gmail.com
875,Zenaida Samuels,e40e72ec-f3e8-45af-9121-4f2a8d498f3d,zenaida_samuels@gmail.com
876,Christopher Cole,fc7c5492-2b03-4775-a4dc-5bdf5cfa8dc4,christopher_cole@gmail.com
877,Michael Bennett,262617e4-ddaa-4546-84e0-249bafd6e33e,michael_bennett@gmail.com
878,Robert Ramsey,18519761-ec16-4d1d-b9a7-f3c1b66720bb,robert_ramsey@gmail.com
879,Denise Jenkins,ecc9ebcd-d4bc-478e-a10f-dda86973216a,denise_jenkins@gmail.com
880,Lewis Mallon,f163302e-b008-4f53-990a-6c891422ba8e,lewis_mallon@gmail.com
881,Claire Shyne,299ace00-b659-46ee-8c06-b23b1706ced9,claire_shyne@gmail.com
882,Helen Pentek,bd34e379-f6e5-49f5-a959-85c72750da60,helen_pentek@gmail.com
883,Nicole Childress,a9126c08-a48d-4b13-9502-8a43ec2f7426,nicole_childress@gmail.com
884,Pauline Larson,6003a3f7-532a-44c0-b0f0-290f61c04fe9,pauline_larson@gmail.com
885,Jose Colby,f417e780-2f2d-48bc-b9af-61f95cea39c2,jose_colby@gmail.com
886,Kristine Fowler,7f47d322-8952-4d61-811f-e1b951daa0b0,kristine_fowler@gmail.com
887,Gregory Papa,8851d2e2-2d76-4954-a8eb-fe6349169aba,gregory_papa@gmail.com
888,Deborah Massey,5b1707b7-a03c-40fa-895e-5dccd21337a2,deborah_massey@gmail.com
889,Marie North,89d18688-d203-49e5-b9dd-4be560214aac,marie_north@gmail.com
890,Eddie Balderas,d25f0a53-7163-4b82-84b3-23f40512dc28,eddie_balderas@gmail.com
891,Odette Hirt,00a6f8a5-9779-4fd2-aa14-b97a644f604f,odette_hirt@gmail.com
892,Christopher Bishop,62862826-b544-42db-8592-36cd8a286a7a,christopher_bishop@gmail.com
893,Barbara Harris,31bf6615-a0df-4dcf-9c73-4c10845a3f05,barbara_harris@gmail.com
894,Ronnie Bejjani,b6318033-0e38-4cc0-98d0-00494350ee2e,ronnie_bejjani@gmail.com
895,Mary Dicarlo,3136fdba-c835-4519-bbce-d5831b8c54a5,mary_dicarlo@gmail.com
896,Gilbert Budd,1f8b017a-1c0a-4d5a-9a1c-950eda19ec52,gilbert_budd@gmail.com
897,Paul Haught,910ba08a-3a2e-4238-abe4-611fce2c1686,paul_haught@gmail.com
898,Misty Latson,fc45b185-ee58-4d3a-971b-b2e85c578311,misty_latson@gmail.com
899,Deborah Purcell,7d0437b2-3842-45f9-b0db-c729dc96c568,deborah_purcell@gmail.com
900,Priscilla Teel,f5bc4d6b-8b0d-4399-9b03-1bb00601367d,priscilla_teel@gmail.com
901,Wanda Johnson,7705160c-011c-4690-ac82-15bf8b5f0c0a,wanda_johnson@gmail.com
902,Miriam Blair,9341d36f-facb-427d-8595-b17750b9dce7,miriam_blair@gmail.com
903,David Frazier,7fd88950-8f40-4f54-a3a4-04247c72eacd,david_frazier@gmail.com
904,Nadine Salinas,faac6672-d1e6-472d-bb03-58e6a9d9da12,nadine_salinas@gmail.com
905,Ann Upson,72605c69-efb5-4895-9408-9a2c76439779,ann_upson@gmail.com
906,Christina Weikel,753333ea-d759-49f2-9394-05d34054344d,christina_weikel@gmail.com
907,Tim Pontius,edadf517-1221-4158-a786-48c0a8cca67a,tim_pontius@gmail.com
908,Maria Logiudice,ab6de3f4-a396-4a2c-9fc6-bf15db083c6b,maria_logiudice@gmail.com
909,William Falconer,e7a5909a-5fa6-4e9a-9010-69f9a9f47e3c,william_falconer@gmail.com
910,Sherita Montoya,46ca651f-b954-4ade-8f2c-73500899b0b4,sherita_montoya@gmail.com
911,Victoria Dossett,a017169a-2aba-4607-a975-81513babf506,victoria_dossett@gmail.com
912,Harry Lupo,8297eb3f-e7f1-4259-aa6e-c9f8c5bfae3c,harry_lupo@gmail.com
913,Wayne Velasco,1c6514db-c0b1-4b02-870a-2896ab8036cc,wayne_velasco@gmail.com
914,Mary Hirota,1eeb2012-5495-4b14-8dd4-a2120915330f,mary_hirota@gmail.com
915,Ruth Isabella,1f782930-8ebc-43e3-bb26-15e0d8862ee0,ruth_isabella@gmail.com
916,Stephanie Rivera,85ead14d-fec0-429a-9f27-be9559bf1929,stephanie_rivera@gmail.com
917,Nereida Ohara,53cb9bf9-b015-4e69-924e-c0d1c081ccac,nereida_ohara@gmail.com
918,Jessica Spier,2c8b5999-dd6f-4418-9342-427f58a912d4,jessica_spier@gmail.com
919,Jean Copeland,0f90856d-f75e-4688-b123-9802654476eb,jean_copeland@gmail.com
920,Belinda Anderson,7ce8571a-62c7-4766-a29b-880eb782bd05,belinda_anderson@gmail.com
921,Jesse Petry,dd631982-2298-4a95-be35-ae88f0a2673e,jesse_petry@gmail.com
922,Irene Mcilhinney,0970052f-c1c0-4be3-a3a4-6cf32930a940,irene_mcilhinney@gmail.com
923,Ollie Dossantos,9e4a9104-2d15-4d75-844a-5662fcb7baa3,ollie_dossantos@gmail.com
924,Armando Ellison,516aea46-6870-4dd0-ab6b-403ec860c78f,armando_ellison@gmail.com
925,Barbara Cantu,24bf5594-99cd-4efd-92da-c126bc7adb0f,barbara_cantu@gmail.com
926,Horace Potts,935e16e4-01ad-4d6c-9f42-44dce46d3e20,horace_potts@gmail.com
927,Kelly Aguiar,5e0fd62b-1f4b-451c-ac25-26899e73f806,kelly_aguiar@gmail.com
928,James Lewis,504cdd88-3e31-489b-b8f0-a172111844a7,james_lewis@gmail.com
929,Michael Byler,be20718b-56a3-4305-a157-2ede68f33235,michael_byler@gmail.com
930,Ronald Rodriguez,26ff099e-7d13-4e8d-a559-07c438750067,ronald_rodriguez@gmail.com
931,Holly Bignall,54f10484-cbac-40ab-a0db-9801febe36d8,holly_bignall@gmail.com
932,Cathleen Wright,3d8c85bd-1c42-4100-a700-de4b52b05458,cathleen_wright@gmail.com
933,Carrie Rubin,20a4d601-7945-421d-9217-35ccea144358,carrie_rubin@gmail.com
934,David Berger,00b52ba0-3e96-4613-bdad-a7c8b8e3f71e,david_berger@gmail.com
935,Donna Obrien,11bcd125-d1a5-4da8-8fa3-0372188dd105,donna_obrien@gmail.com
936,Nancy Boone,9fed02d5-eb06-4820-b7ac-7bc9fc9b425b,nancy_boone@gmail.com
937,Anna Serio,627072d7-fe40-4400-9627-1e3b0c4c5aed,anna_serio@gmail.com
938,Troy Sanchez,00f7eafa-9942-4e87-a326-2dead59181cf,troy_sanchez@gmail.com
939,Martha Crumpton,da79678c-5b97-49f8-940d-91af9221caa0,martha_crumpton@gmail.com
940,Eileen Fraser,ae79823b-6e9c-4964-81ec-3e43fca6f7d3,eileen_fraser@gmail.com
941,Andres Shuman,d00283f0-3555-4d64-ae10-5988218155f1,andres_shuman@gmail.com
942,Bryon Bieber,450640c3-23aa-4b46-adae-c70d95d504e5,bryon_bieber@gmail.com
943,Kathy Childs,7cdf99a6-63a5-4cfd-a903-adac99ed17d7,kathy_childs@gmail.com
944,Roberto Jackson,48c63401-8e96-46e5-8bd5-c029de4a1d2d,roberto_jackson@gmail.com
945,Sharron Nelson,b8fca182-d4ce-4ece-80b2-bb2515f530cc,sharron_nelson@gmail.com
946,Orpha Spiller,bf5b0c6b-4dda-4d83-948f-9bcae631db9a,orpha_spiller@gmail.com
947,Bernadine Koh,1fe227b5-2747-48b6-8082-0d4ba6881e48,bernadine_koh@gmail.com
948,Tom Woods,c2f2d9cd-5521-4980-b042-58e1f174f7b8,tom_woods@gmail.com
949,William Poulin,92512a1e-b29e-4368-8bce-209b3ceba1cc,william_poulin@gmail.com
950,Silvia Forsberg,84220198-0dfa-49c8-b49a-92414b145104,silvia_forsberg@gmail.com
951,Blanca Campbell,83966d66-54b5-4a72-9ff1-fdeee4407e61,blanca_campbell@gmail.com
952,Jaclyn Raines,c4dc8a47-9286-48b6-8b95-cf7be1feba7b,jaclyn_raines@gmail.com
953,Dawn Cantu,0d7a81c7-e1ae-4fee-a4ff-8345b351668b,dawn_cantu@gmail.com
954,Amanda Perry,2a75a31e-9677-49df-99ef-8f9ffdcf6523,amanda_perry@gmail.com
955,Margaret Osterberg,c6bca81d-0edf-47a6-9c67-696e321ab89d,margaret_osterberg@gmail.com
956,Antoinette Nelms,baef123f-3e46-4a05-a61e-d1bd737bc77b,antoinette_nelms@gmail.com
957,William Owens,65d003c1-551e-4bbf-9de9-c316855ecb1d,william_owens@gmail.com
958,Constance Winslow,f03b584c-f6e3-4d39-9afd-39bc4088e27c,constance_winslow@gmail.com
959,Margaret Barnes,38b881dd-465d-4707-9019-a26273f038b7,margaret_barnes@gmail.com
960,Bryant Winter,b818fde6-a011-4888-83d9-4b14bd8ebfc0,bryant_winter@gmail.com
961,Marie Farness,f960d431-12c0-483a-aec3-f7ce77950102,marie_farness@gmail.com
962,Philip Simon,323ad0c8-1246-42d8-943e-235712d1b460,philip_simon@gmail.com
963,Latasha Mclean,da5e5471-d40c-4eba-87cd-066db6c271ea,latasha_mclean@gmail.com
964,Melba Meyer,49d1e897-5a1d-48c5-aba5-e8ae40ef863d,melba_meyer@gmail.com
965,Andrew Bender,ebb72b04-efa0-4318-85f4-c616438add04,andrew_bender@gmail.com
966,Benjamin Sweet,b6186d57-18d7-4c4b-9cb2-eb5a32cbe9c6,benjamin_sweet@gmail.com
967,Charles Cortez,ada45340-68ec-4f87-9ca6-f1794565efcf,charles_cortez@gmail.com
968,Danny Williams,4a6b5720-48cb-4ae4-99a3-7480f952ab51,danny_williams@gmail.com
969,Irene Williams,2e10f37f-45eb-4988-99c7-80906632dc7d,irene_williams@gmail.com
970,Donna Chacon,b862eeaa-aa6d-45dd-bad6-7769f6ce0378,donna_chacon@gmail.com
971,Glenn Dillard,49e867ea-992c-423f-9417-2a7386f3ca66,glenn_dillard@gmail.com
972,Angella Amo,c7bd3e6b-5ffa-43ce-a30e-63bed86f0b36,angella_amo@gmail.com
973,Bernie Stone,289a14d5-8df9-4f2e-b2bc-cbf8be91519b,bernie_stone@gmail.com
974,Helen Tucker,6e15bbef-8a36-4705-8e48-f439f9fa75af,helen_tucker@gmail.com
975,Erica Slade,46346f2b-0530-49d6-928f-c70d6c7576d2,erica_slade@gmail.com
976,Bruce Valera,209019b6-26a6-46f0-95b3-f851ee7a11f0,bruce_valera@gmail.com
977,Gary Foreman,00fc65c5-69c8-418a-b718-e74ac3091f2b,gary_foreman@gmail.com
978,Daniell Hall,4ae138f4-70e6-49f0-9706-874c472880bc,daniell_hall@gmail.com
979,Carol Bellinger,59843403-13d2-4b4a-903d-0d39a4703d6a,carol_bellinger@gmail.com
980,Emily Barber,7644736d-88b3-4267-ad1d-f0a66386271e,emily_barber@gmail.com
981,Columbus Williams,bc9e2c7f-70f3-4270-9bfe-d016d18344da,columbus_williams@gmail.com
982,Mary Wilkerson,cf7ccf9b-79d4-420b-a576-b370426e20d6,mary_wilkerson@gmail.com
983,Raquel Zickefoose,cada00c3-2405-4c92-8a5e-e1e7327a2114,raquel_zickefoose@gmail.com
984,Helen Wynn,d5c4c0bc-a547-4ada-a162-b3c61aff8205,helen_wynn@gmail.com
985,Tonya Rigsby,6d2b33c7-ca65-4263-bcaf-bb1f3c9b7574,tonya_rigsby@gmail.com
986,Karen Dunkelberger,7cb7f85b-e025-4f07-8ec0-8d4b0ebaf069,karen_dunkelberger@gmail.com
987,William Carroll,13e2f5fa-e493-4d69-ab35-7aedaeac0fde,william_carroll@gmail.com
988,Callie Yang,ad32c4a6-45b1-478f-be7d-f37eaa1f0932,callie_yang@gmail.com
989,Carrie Deleon,fd883f94-4037-4916-81e3-68c7f23c0c56,carrie_deleon@gmail.com
990,April Arno,c088a0e6-8c0f-442a-a76c-81cc03407664,april_arno@gmail.com
991,Kelly Sandoval,b23453d1-2139-4ab8-aa27-fbf639c9b37d,kelly_sandoval@gmail.com
992,Denver Bailey,03f87736-8f00-4be7-bae4-735077e15369,denver_bailey@gmail.com
993,Lisa Sikora,19386329-1d7f-4404-a18f-20f0829193fb,lisa_sikora@gmail.com
994,Robert Hill,fe0e26fb-142e-448c-8e50-56c3f06b1ba6,robert_hill@gmail.com
995,Paul Ramirez,189d079e-907b-4313-b62a-ad231b2974f2,paul_ramirez@gmail.com
996,Richard Shellhamer,961a12f6-a705-4454-9c6a-f12b0ea585fc,richard_shellhamer@gmail.com
997,Thomas Ferrell,a192c42c-99d4-4115-b65c-8fe34f967a2e,thomas_ferrell@gmail.com
998,Mark Gunter,d821f05f-ce02-49ea-a3ac-0af9fd6a5465,mark_gunter@gmail.com
999,Daniel Timmons,cac78fa4-bab4-48cc-b646-e1abac715e8b,daniel_timmons@gmail.com
1000,Mark Stoltenberg,e6fb227f-4660-4e37-a741-9f5142e375a7,mark_stoltenberg@gmail.com
